# Fx1, Fy1, Fz1, ...
1.123257383060478421e-03,-1.011748077039445470e-02,1.332348299771357603e+00,2.657183871882577014e-03,-4.075700583721593440e-02,2.685897954963673229e+00,3.382725681690912107e-03,-7.517669504890515941e-02,2.728665933151646961e+00,4.004638075396560123e-03,-1.028529377369116204e-01,2.768573016624692240e+00,4.658547963915705796e-03,-1.241329997884738356e-01,2.800388471122255751e+00,5.445590910593006533e-03,-1.394430772758799286e-01,2.820626421993902344e+00,6.507283167798898899e-03,-1.492277201550781252e-01,2.824336396315414888e+00,8.113187155948267323e-03,-1.537379004452333608e-01,2.801127154041713307e+00,1.086413579593864184e-02,-1.522724213724225006e-01,2.722338686269332619e+00,1.603428103237492311e-02,-1.391532968356188060e-01,2.475729147693395582e+00,9.791402972715648745e-03,-3.335640973100914564e-02,1.149590810389299111e+00
-8.071266067441991779e-04,-1.060676155920010910e-02,1.385766396098707665e+00,-1.210911753469559593e-03,-4.232282036465948721e-02,2.787914228991252408e+00,-5.172497514335052705e-04,-7.776797931092511995e-02,2.820824792549953663e+00,8.331831129996560004e-05,-1.060728094760170354e-01,2.852968939009941529e+00,7.696943488552190384e-04,-1.278132434211350921e-01,2.881021845285119731e+00,1.633642297248158199e-03,-1.434850275551000365e-01,2.899968376770791778e+00,2.806453700539466699e-03,-1.535281746351007115e-01,2.903303935885511056e+00,4.565498965904355930e-03,-1.581823141508951480e-01,2.879691602647230120e+00,7.560107707473914460e-03,-1.567459533118546744e-01,2.799950195465062741e+00,1.324404633442358148e-02,-1.434757752270437170e-01,2.550312977273172965e+00,8.573893456180656583e-03,-3.489781024115597152e-02,1.185755626434334520e+00
-3.374107840791387789e-03,-1.084112955425654834e-02,1.409418245195489305e+00,-6.213512182142858116e-03,-4.307831300622375764e-02,2.833894851643401491e+00,-5.296576129015496959e-03,-7.889730197990520166e-02,2.860127450944540684e+00,-4.571762459658418147e-03,-1.071159446243072771e-01,2.880330936994758950e+00,-3.819869876747310645e-03,-1.285712466252990904e-01,2.897795292134083933e+00,-2.860269353580724948e-03,-1.440803181789518106e-01,2.911939611205278666e+00,-1.535673118503470044e-03,-1.541683900698916643e-01,2.915503932838265033e+00,4.235259552345278788e-04,-1.589797553522747098e-01,2.894370852490192103e+00,3.681977870239793761e-03,-1.577039502040215313e-01,2.817236433213809566e+00,9.842538951867244382e-03,-1.445326389846819937e-01,2.569254828466427387e+00,7.036314233495081019e-03,-3.475052918811364494e-02,1.195710031051502309e+00
-6.120695411146600054e-03,-1.134915509948273768e-02,1.465136416562010213e+00,-1.153901662088188326e-02,-4.486151349127456833e-02,2.944304099689989851e+00,-1.023928502584637787e-02,-8.198165066082262198e-02,2.967083536986603320e+00,-9.131363311460138910e-03,-1.109260330940177591e-01,2.979836198140338066e+00,-8.150546119896935962e-03,-1.325106818311672652e-01,2.985092984493434187e+00,-7.132448478720403162e-03,-1.477623186656591148e-01,2.985791349579486997e+00,-5.798472170847490496e-03,-1.575882773871936093e-01,2.980122627349802489e+00,-3.751527343437366380e-03,-1.623743735901423402e-01,2.956388976615603514e+00,-2.400654598713677923e-04,-1.612958000208626064e-01,2.881724446096110448e+00,6.509527466698706785e-03,-1.482867583606177486e-01,2.636253275871231594e+00,5.575130620906124448e-03,-3.542304860547109552e-02,1.229735117548478751e+00
-9.779976237816099399e-03,-1.204259869396938007e-02,1.536832540246480416e+00,-1.871877354379616540e-02,-4.709834313019386348e-02,3.081959049573165021e+00,-1.710682100507745357e-02,-8.559215794480172501e-02,3.090662629781890214e+00,-1.562150030803195928e-02,-1.151544177872649150e-01,3.088118658611428202e+00,-1.425959599872318739e-02,-1.368919938796833990e-01,3.080297825273754952e+00,-1.298507819268867637e-02,-1.519281885456126302e-01,3.068131511737532957e+00,-1.158208278403959415e-02,-1.612877535668713336e-01,3.049479516233119636e+00,-9.567948954382364535e-03,-1.656242245834555760e-01,3.015796291760419301e+00,-6.000775190240553204e-03,-1.643326910935213048e-01,2.936670172118799993e+00,1.264776885620661449e-03,-1.512878735332050251e-01,2.690393670835173001e+00,3.167995672094909947e-03,-3.530130965637044704e-02,1.257090300896444690e+00
-1.452273240994990389e-02,-1.291954098880359128e-02,1.625860799941277524e+00,-2.797219431232916484e-02,-4.998603712749444261e-02,3.255255440768523911e+00,-2.582758072042880271e-02,-9.030728477145721911e-02,3.249138298017566928e+00,-2.377513010644175667e-02,-1.205311616550266141e-01,3.223880211741880331e+00,-2.189654978071307184e-02,-1.421716473854982288e-01,3.193250347569487335e+00,-2.012618884065040317e-02,-1.569036496965812433e-01,3.164990268406182583e+00,-1.829485945035539893e-02,-1.659574550914184043e-01,3.136050909470519343e+00,-1.601253504602485889e-02,-1.698800951234416545e-01,3.093046280399408321e+00,-1.229173748144660704e-02,-1.680275327645466832e-01,3.003373773534944835e+00,-4.617686072624149068e-03,-1.542545172747627757e-01,2.744241242181703289e+00,3.907324184282520881e-04,-3.477464478523137337e-02,1.280648244841367411e+00
-2.054284170604602638e-02,-1.398945890323243652e-02,1.729233995555389480e+00,-3.967665298168584348e-02,-5.339978474072586134e-02,3.455199138430756101e+00,-3.667272203281392307e-02,-9.591368314300663389e-02,3.432467694519166113e+00,-3.354942962383890281e-02,-1.271281568905494042e-01,3.386528318946201654e+00,-3.069592056986385556e-02,-1.488193187111618299e-01,3.333053538998149268e+00,-2.820898559769623171e-02,-1.629904589126323633e-01,3.281842511481350755e+00,-2.586179343161450900e-02,-1.713377813004508532e-01,3.234492749743965945e+00,-2.314730154192034400e-02,-1.746608777238414789e-01,3.178829739717721647e+00,-1.902143821339027235e-02,-1.721435743019987807e-01,3.076879942647116728e+00,-1.072048040813293121e-02,-1.573155933581378840e-01,2.799257248872967008e+00,-2.455762248841085980e-03,-3.414653196924719719e-02,1.302691185681852160e+00
-2.798422133293725425e-02,-1.525127618188233322e-02,1.847989598400696654e+00,-5.403187569085730890e-02,-5.748668723552680104e-02,3.686905074421257922e+00,-4.974726362104076038e-02,-1.026605251209648240e-01,3.647474271226011311e+00,-4.509604086607240520e-02,-1.350709177293360486e-01,3.578028262297785034e+00,-4.078774896945662476e-02,-1.569199775711260236e-01,3.500079429968601996e+00,-3.713059409589535703e-02,-1.705574509150460105e-01,3.424756510852730251e+00,-3.401954255072291156e-02,-1.778264674734042761e-01,3.351361273077560377e+00,-3.086200694743922515e-02,-1.797616092488573125e-01,3.268670053771376871e+00,-2.629557372336545698e-02,-1.759680809303144078e-01,3.143720288806461038e+00,-1.706917222795128683e-02,-1.601177483332333340e-01,2.848451679893939215e+00,-5.313613422298542506e-03,-3.342089789139667672e-02,1.323600321609230690e+00
-3.704268572167947193e-02,-1.669895041739037633e-02,1.979691825435189845e+00,-7.148446173988518004e-02,-6.220413334610361972e-02,3.945103753125772439e+00,-6.556627680139359704e-02,-1.105289707784271325e-01,3.890665773781751824e+00,-5.895190290243828429e-02,-1.444130877105504196e-01,3.797652924539379526e+00,-5.279679635242795488e-02,-1.663130657382284050e-01,3.689302342467087215e+00,-4.759058720918196012e-02,-1.790261348514734507e-01,3.580709453797068065e+00,-4.320622326843061994e-02,-1.849215483995049758e-01,3.475671596888084025e+00,-3.899816110411841868e-02,-1.853338349559464082e-01,3.363996886904298655e+00,-3.354049366846505870e-02,-1.799557779736888352e-01,3.211129310559523553e+00,-2.329549435316809192e-02,-1.624145443339919392e-01,2.886954522309594040e+00,-8.138662179486923220e-03,-3.247581223236788855e-02,1.335577208793840231e+00
-4.784315868050314363e-02,-1.831639058884768773e-02,2.123099523063113558e+00,-9.227077593838908798e-02,-6.754713695230570025e-02,4.227042733336627833e+00,-8.434157260949999568e-02,-1.194183007213996950e-01,4.156554893030645736e+00,-7.524588144933508360e-02,-1.549165277235479699e-01,4.036889364379603329e+00,-6.662201395501624046e-02,-1.768624342495568602e-01,3.895338403394168481e+00,-5.924369477659487820e-02,-1.885223551290739208e-01,3.750325368352541044e+00,-5.306734352005568200e-02,-1.927726523904955691e-01,3.608858329799045528e+00,-4.738306510167106245e-02,-1.913325856942463821e-01,3.462837045710591699e+00,-4.065728256249111910e-02,-1.839714495115913617e-01,3.275508198320794762e+00,-2.913771044766952367e-02,-1.641666582201315450e-01,2.912938225881948728e+00,-1.073366562674417726e-02,-3.158069688555553006e-02,1.338418147141315462e+00
-6.047562295504380070e-02,-2.011325784256949578e-02,2.274902140341745760e+00,-1.165938910750036750e-01,-7.343078338139653882e-02,4.524998664993577613e+00,-1.062668872206409543e-01,-1.291999012054323437e-01,4.437618411104653049e+00,-9.408253377066014278e-02,-1.665262376356871354e-01,4.291584210948547806e+00,-8.225790997222715006e-02,-1.886541529754706403e-01,4.117867808212130498e+00,-7.194486706637184814e-02,-1.993308563423953073e-01,3.937381339909364009e+00,-6.331252096835227050e-02,-2.017316066437057631e-01,3.755886915852103769e+00,-5.568416703890863295e-02,-1.977846157269260718e-01,3.564193493917117372e+00,-4.732107043086477421e-02,-1.877018306861375496e-01,3.329928357568069597e+00,-3.414213764844799270e-02,-1.653394939658903995e-01,2.924616438217661596e+00,-1.281101788722627255e-02,-3.088923827476303119e-02,1.334362963259049240e+00
-7.495469678233641908e-02,-2.209606472868386531e-02,2.433062396969797092e+00,-1.445155651885609849e-01,-7.983898238476135056e-02,4.835198866722829614e+00,-1.314735168118174036e-01,-1.398515196224524582e-01,4.730624812241091881e+00,-1.156837023737306430e-01,-1.792210730343599123e-01,4.559001728117661578e+00,-1.000549133142925595e-01,-2.015550001067066277e-01,4.352043991719278360e+00,-8.617726051165972012e-02,-2.109575021678153084e-01,4.130196122994945540e+00,-7.434911621946663218e-02,-2.111505314202068162e-01,3.902630305241197028e+00,-6.387008983373748672e-02,-2.045771825584117853e-01,3.664152104748386485e+00,-5.303079552018401255e-02,-1.916216368576575957e-01,3.381384836780124026e+00,-3.781877762214608252e-02,-1.661270752082571744e-01,2.924528472481957575e+00,-1.421262692530462016e-02,-3.051121190985230797e-02,1.321076382964896823e+00
-9.117046899121830639e-02,-2.422272241188750536e-02,2.595926810184386646e+00,-1.758052650986028920e-01,-8.678793563928957622e-02,5.156130249490434636e+00,-1.597319621775469267e-01,-1.514256898335450963e-01,5.035346013049758263e+00,-1.398520313628345557e-01,-1.928896411945984490e-01,4.834437628512557872e+00,-1.197977483245461078e-01,-2.152315155177630113e-01,4.588454202699750795e+00,-1.016071554609572214e-01,-2.232214451566262026e-01,4.323060691780248099e+00,-8.584696939819413952e-02,-2.210856998896858494e-01,4.048441821101387283e+00,-7.194385383761613129e-02,-2.115395771483437326e-01,3.758256201228572291e+00,-5.816769564939736070e-02,-1.952734333571781722e-01,3.420543835348308637e+00,-4.054659126326444485e-02,-1.663855762206066513e-01,2.909155697139241159e+00,-1.506252276318620527e-02,-3.054795220883220128e-02,1.299894645685627292e+00
-1.089283253267414042e-01,-2.648704499314740932e-02,2.759864475924217686e+00,-2.100957602663686974e-01,-9.412295048731011970e-02,5.478165997491156958e+00,-1.907147567636283680e-01,-1.636350266283747024e-01,5.340228010667287251e+00,-1.662389123358717358e-01,-2.074042858530508182e-01,5.112060197636911774e+00,-1.411026308845240718e-01,-2.298837513878552730e-01,4.829277397736106536e+00,-1.179468373827939620e-01,-2.362851141488690188e-01,4.517519180995094530e+00,-9.763783060522562840e-02,-2.313938112597750119e-01,4.189195800253971314e+00,-7.969892978868284295e-02,-2.184384428743215978e-01,3.841115639794335124e+00,-6.245780982407109910e-02,-1.984962491208845659e-01,3.443803042419081528e+00,-4.213491713815959577e-02,-1.660218567046689853e-01,2.876550140215118123e+00,-1.530831039185783990e-02,-3.090466422014633702e-02,1.270249679233823814e+00
-1.279375510759593881e-01,-2.888460149152107317e-02,2.922530974299164086e+00,-2.468095051390789552e-01,-1.018138451481478135e-01,5.797697834021513508e+00,-2.238820774589428408e-01,-1.764429784941110857e-01,5.642840946399710234e+00,-1.944062009579108907e-01,-2.226202516507567175e-01,5.387204248262941420e+00,-1.635997651399467290e-01,-2.452101105569423622e-01,5.066571133792942661e+00,-1.347207822225930940e-01,-2.499201689327406328e-01,4.707328823871426593e+00,-1.090458432547815326e-01,-2.421080843560032281e-01,4.323913912692154859e+00,-8.632652456120901152e-02,-2.255646862563217281e-01,3.916753747492643267e+00,-6.505873052648267207e-02,-2.017997203352351887e-01,3.459508286981589187e+00,-4.190136176798638090e-02,-1.654657991111002646e-01,2.834239655839397187e+00,-1.468589380919625015e-02,-3.170477170024275232e-02,1.234541586353862019e+00
-1.477816287212463664e-01,-3.134819777742275243e-02,3.082425155725201815e+00,-2.850542765940434764e-01,-1.098566172716987088e-01,6.113039697241900328e+00,-2.582260362351149752e-01,-1.898579541044704000e-01,5.942324721086620798e+00,-2.232553583613321457e-01,-2.384972702450122439e-01,5.657470272527888255e+00,-1.861710510225349502e-01,-2.611282865085208238e-01,5.297079635167342815e+00,-1.508870317001085037e-01,-2.641414098288452639e-01,4.891324994467190379e+00,-1.191719948640492799e-01,-2.534962723346093072e-01,4.456185821557934190e+00,-9.116393945741009530e-02,-2.333112190294001353e-01,3.991193034882663859e+00,-6.566021315339738706e-02,-2.054071117435244120e-01,3.471059681936632391e+00,-3.976212506825391874e-02,-1.649867708339328165e-01,2.786777728691308020e+00,-1.316664885131338045e-02,-3.298948670341819017e-02,1.196818420313057629e+00
-1.680416151251067913e-01,-3.388439359662676759e-02,3.235329892388230100e+00,-3.240804388987619244e-01,-1.180650919509582120e-01,6.413915230019591185e+00,-2.931451719890824648e-01,-2.035883382006599684e-01,6.228196693541713458e+00,-2.522712832376637349e-01,-2.549048105979644374e-01,5.918172684812480711e+00,-2.083884327973118955e-01,-2.777708541362442496e-01,5.522271542535735378e+00,-1.662105386793910899e-01,-2.790614397947025482e-01,5.070660804436316837e+00,-1.280579615146453520e-01,-2.653337205360901119e-01,4.581234558487524922e+00,-9.441164334125487501e-02,-2.413129739711126209e-01,4.057508742011552094e+00,-6.440772680016731977e-02,-2.092567418635866150e-01,3.477250724533265558e+00,-3.589228545324856662e-02,-1.646234278025213993e-01,2.735258277669502025e+00,-1.088638347747658899e-02,-3.466754376630894890e-02,1.156713636095152875e+00
-1.882232292109665694e-01,-3.646138037853280389e-02,3.379358519103090153e+00,-3.630186194576943692e-01,-1.263770399905044806e-01,6.697270569718964950e+00,-3.280664432935244679e-01,-2.174976841021679097e-01,6.496859459537411396e+00,-2.812552034320588423e-01,-2.715037004254832742e-01,6.161671539387404195e+00,-2.303555439999412646e-01,-2.945728289005294931e-01,5.730495215012228805e+00,-1.808902096862690378e-01,-2.941243840874110393e-01,5.234503515548182051e+00,-1.358741868019107124e-01,-2.773177125947773325e-01,4.693328540741489974e+00,-9.634358754882724196e-02,-2.493640713387214047e-01,4.112217193944292859e+00,-6.188053192283515802e-02,-2.129737498048159816e-01,3.472118951953871324e+00,-3.099715609055773632e-02,-1.641891439300090794e-01,2.677034053849523421e+00,-8.170306516393929797e-03,-3.658426906223702368e-02,1.115403255792797310e+00
-2.077302678844200057e-01,-3.900988137128361122e-02,3.512273877908012487e+00,-4.006546388515216384e-01,-1.346885454457075193e-01,6.959222069343219630e+00,-3.617629910807924065e-01,-2.314506371974960897e-01,6.745341727600542292e+00,-3.090541447762049643e-01,-2.881325702202248706e-01,6.384988544012173861e+00,-2.511618912392490355e-01,-3.113267334215237270e-01,5.918223025787389346e+00,-1.944437064122947756e-01,-3.090720917201817408e-01,5.378740650418707858e+00,-1.426084644039718186e-01,-2.891307792442200375e-01,4.787582536172197756e+00,-9.726670606655862805e-02,-2.571969100461985458e-01,4.151483321363088841e+00,-5.853701567961899777e-02,-2.164119822816186200e-01,3.454243528334346891e+00,-2.574817576671164024e-02,-1.633153177648976051e-01,2.607361039066019792e+00,-5.435119321488385800e-03,-3.842826840599190136e-02,1.068323207851151535e+00
-2.259807467435224759e-01,-4.151784648229206454e-02,3.631107995753103168e+00,-4.359103060926939888e-01,-1.428076712548458083e-01,7.192711778461518435e+00,-3.933596813798023728e-01,-2.451487658279919435e-01,6.966604820747729576e+00,-3.349835689230045710e-01,-3.046174086350017518e-01,6.585400393826331467e+00,-2.702026146279127294e-01,-3.280735332327522902e-01,6.087309066344498198e+00,-2.062792228354349555e-01,-3.239923157373998386e-01,5.505937406215375418e+00,-1.477216025601310601e-01,-3.008031370709567942e-01,4.865537733103697526e+00,-9.676716923489495081e-02,-2.648242885865820795e-01,4.176696138783960066e+00,-5.410589121133553558e-02,-2.196160650427817218e-01,3.425593340602333114e+00,-1.991426777701596484e-02,-1.621784438218838165e-01,2.530351081024484472e+00,-2.555244203012743687e-03,-4.022304601120256506e-02,1.018384522550483950e+00
-2.423920729104771243e-01,-4.392262220031869363e-02,3.734718836051011071e+00,-4.676138780658094518e-01,-1.506616814172769270e-01,7.396614838679608006e+00,-4.217045560602798449e-01,-2.584544391224828375e-01,7.159635596848215933e+00,-3.580059935435611629e-01,-3.206674812935895735e-01,6.758936104288877367e+00,-2.866257731910972772e-01,-3.444948730108218227e-01,6.233309902079303022e+00,-2.156763174809879779e-01,-3.388827979719817307e-01,5.617105468683632807e+00,-1.505415014919204708e-01,-3.127067647035106090e-01,4.934260762616352380e+00,-9.425426715852956716e-02,-2.726943853097833492e-01,4.195970209809894769e+00,-4.815059148136465600e-02,-2.229548939563130161e-01,3.392971460203021206e+00,-1.315591809465126161e-02,-1.612921707856408982e-01,2.454976219052304565e+00,6.341703062626245085e-04,-4.209617900865633700e-02,9.713987635547479682e-01
-2.563633124232794214e-01,-4.616501505615737411e-02,3.821222108261648209e+00,-4.945130124084524681e-01,-1.581199826344849291e-01,7.567444420040351005e+00,-4.455024761625637764e-01,-2.712380763022155805e-01,7.323248401372423722e+00,-3.769050038887543086e-01,-3.363087013798242708e-01,6.908420148445674869e+00,-2.994539333929981950e-01,-3.606860147688339957e-01,6.360126673523910590e+00,-2.220792645956615741e-01,-3.536623037176486184e-01,5.712631094896496897e+00,-1.509722032607401232e-01,-3.246220531560725098e-01,4.991397073447604527e+00,-8.988848926495425495e-02,-2.808216412455525890e-01,4.210366128085502702e+00,-4.087333043681423000e-02,-2.267975234826665465e-01,3.362872858886258420e+00,-5.774305239472713770e-03,-1.608468270142320855e-01,2.384939552307820509e+00,3.930596536192544968e-03,-4.398951904059233975e-02,9.269540585148587919e-01
-2.675002178793395857e-01,-4.820403138236399598e-02,3.889494997892296801e+00,-5.159813375847448480e-01,-1.650639333128736397e-01,7.703117823885685667e+00,-4.644791458420512442e-01,-2.832710145292903214e-01,7.454882013443698163e+00,-3.917497844145739760e-01,-3.512129065445924181e-01,7.030109050152766770e+00,-3.089747874146003270e-01,-3.762935627485505807e-01,6.463862027891294382e+00,-2.258309009516376864e-01,-3.680719681428624712e-01,5.790182647341254984e+00,-1.493588966695765796e-01,-3.364036118740985071e-01,5.036343242566630352e+00,-8.413015041673917171e-02,-2.889781283375507659e-01,4.217769799099805539e+00,-3.290988150236338200e-02,-2.307348766260069739e-01,3.329961703640430315e+00,1.715091263605523011e-03,-1.607283827733070325e-01,2.318823894809366237e+00,7.171865645985379262e-03,-4.586992985141076506e-02,8.868999139350293159e-01
-2.754243165630479440e-01,-4.997265984819165840e-02,3.938197149804275821e+00,-5.313175021436303824e-01,-1.713204236496617128e-01,7.800532800192765848e+00,-4.780728953229728129e-01,-2.942264344262259246e-01,7.550304336019187268e+00,-4.021911932267144274e-01,-3.649113469672635723e-01,7.118365703694299107e+00,-3.151368999435222307e-01,-3.908176359594490168e-01,6.539003135159802582e+00,-2.272184266505371253e-01,-3.817099651615082356e-01,5.846037879860098485e+00,-1.462717433142290968e-01,-3.476683624151234442e-01,5.065375699716568647e+00,-7.765685352829861110e-02,-2.967660678496010229e-01,4.213786056031043614e+00,-2.483742686216093565e-02,-2.345519552563745391e-01,3.292232346335004944e+00,8.854611373874129651e-03,-1.608008777091361197e-01,2.255404463989024055e+00,1.014152059116192432e-02,-4.761452106690561292e-02,8.499593484263561205e-01
-2.798534164299005811e-01,-5.144425009112475744e-02,3.966294699081433173e+00,-5.399294163064264351e-01,-1.767353958111401169e-01,7.857470395227593052e+00,-4.856921085660080850e-01,-3.038982697401810817e-01,7.608548629929425822e+00,-4.077258434356502703e-01,-3.773168797100659999e-01,7.175535082650903895e+00,-3.175736018206331557e-01,-4.042002393856131137e-01,6.588380776154132867e+00,-2.260388282618554234e-01,-3.943009220281363247e-01,5.879011193394688917e+00,-1.416512242832441149e-01,-3.581102182324854555e-01,5.076370929031454260e+00,-7.051261308220985180e-02,-3.041816380653015739e-01,4.200321869288170085e+00,-1.681924762621678227e-02,-2.383714583184828040e-01,3.252757492231737491e+00,1.543066720918926174e-02,-1.610888460899273511e-01,2.195536600614556022e+00,1.274292542868530123e-02,-4.918971867285075461e-02,8.160353927687913345e-01
-2.807044207074333442e-01,-5.256995641101903927e-02,3.973958573241738623e+00,-5.417641825001475731e-01,-1.812243575971052567e-01,7.874933349526200388e+00,-4.874440497665442629e-01,-3.121024981629066386e-01,7.629936114579662920e+00,-4.085158580246450177e-01,-3.880197864157294285e-01,7.198181973120501453e+00,-3.164247532168421584e-01,-4.159962887984331448e-01,6.608085515825267819e+00,-2.223409632867553720e-01,-4.058265771162370417e-01,5.891768965475009168e+00,-1.354696940106393244e-01,-3.680507411450096300e-01,5.076472954372955648e+00,-6.266688698130386259e-02,-3.114175549188223924e-01,4.181767585113212782e+00,-8.770027070008797054e-03,-2.423098877364913417e-01,3.214053459030222104e+00,2.168798391782873758e-02,-1.619087514557578655e-01,2.143897556593511222e+00,1.514383462246282619e-02,-5.077381325205201912e-02,7.881877341054515096e-01
-2.779144228368534142e-01,-5.333232662195240559e-02,3.960299105561162492e+00,-5.365978296029622063e-01,-1.845893587830417515e-01,7.849737512600769129e+00,-4.829911422805255872e-01,-3.185048613264769291e-01,7.610616298388154455e+00,-4.042566901113594513e-01,-3.968111043492145718e-01,7.186321429587768428e+00,-3.115438173032026303e-01,-4.261625625598078337e-01,6.601336062772221069e+00,-2.162210382113088081e-01,-4.160780665418322699e-01,5.884458122248173773e+00,-1.279954504750604183e-01,-3.771595153403224931e-01,5.063224375897484641e+00,-5.435467405861899026e-02,-3.184661370961583415e-01,4.159423705687071759e+00,-7.841582023162610438e-04,-2.467098019521415109e-01,3.181368975277868660e+00,2.767586221509475697e-02,-1.637015345289156987e-01,2.106113227874829796e+00,1.740717390634944836e-02,-5.256573875812788066e-02,7.690775995049288216e-01
-2.715890776388512062e-01,-5.372279548069960192e-02,3.926275439696990777e+00,-5.246133404849657733e-01,-1.868261007991562084e-01,7.785031721537118976e+00,-4.724654453087283601e-01,-3.231250522089715860e-01,7.555299216252794103e+00,-3.950716031135571016e-01,-4.036073631594934708e-01,7.142876629641685682e+00,-3.030831164912476949e-01,-4.344399791307136383e-01,6.567778012470744109e+00,-2.078503154472517711e-01,-4.248592473069777720e-01,5.857279117429375681e+00,-1.194510728560458090e-01,-3.853988367651501878e-01,5.038553715845417891e+00,-4.592356259461758544e-02,-3.252342690948359927e-01,4.133585400043919833e+00,6.722839783843699568e-03,-2.514166392902844049e-01,3.153191295539173655e+00,3.307659084393088644e-02,-1.663541668410413454e-01,2.080355389811098021e+00,1.941799264019426069e-02,-5.455143876734468156e-02,7.576982019982783090e-01
-2.619966188108444616e-01,-5.369166521481553295e-02,3.873290531099926159e+00,-5.063536125568034452e-01,-1.879170934887242905e-01,7.683745959638625500e+00,-4.564268450942832733e-01,-3.258536398833750125e-01,7.465485093827711083e+00,-3.815220206514902124e-01,-4.081749597303528931e-01,7.067371164325940924e+00,-2.915927553232073866e-01,-4.405948672486706963e-01,6.507360224121454984e+00,-1.977788446539632816e-01,-4.319610697968915836e-01,5.810457394616798332e+00,-1.103439167183034170e-01,-3.925492474941822962e-01,5.001887404425144901e+00,-3.772930977378004258e-02,-3.315844528819072989e-01,4.103949747975626394e+00,1.361168178258939480e-02,-2.564090574716380022e-01,3.129781480542436434e+00,3.797277227791107795e-02,-1.699956235481266953e-01,2.067808201049774919e+00,2.127296273485404510e-02,-5.683199148802001166e-02,7.550549072560577279e-01
-2.494810509457032199e-01,-5.328103386578340872e-02,3.801180800209317479e+00,-4.824393006734342682e-01,-1.877426577371252570e-01,7.544398620208760953e+00,-4.353329809694393981e-01,-3.265338294805296693e-01,7.340460888155204700e+00,-3.638937110383211881e-01,-4.104962232053567250e-01,6.962779195641249252e+00,-2.772300391671688180e-01,-4.446455232554583081e-01,6.423639147795043414e+00,-1.860750175393958150e-01,-4.372923272613108425e-01,5.745529062884699556e+00,-1.006814572684315151e-01,-3.985217641731569338e-01,4.954227131502030979e+00,-2.974106925744478616e-02,-3.375815669765976357e-01,4.072657910173876239e+00,1.995789316758849602e-02,-2.619610588950917474e-01,3.114890008373222496e+00,4.249760639828296938e-02,-1.749850259403271102e-01,2.072306077285798409e+00,2.305260572288922102e-02,-5.960152720270735227e-02,7.627224775677921009e-01
-2.345185149212375142e-01,-5.247379617821094910e-02,3.712786995917183752e+00,-4.537866403057528308e-01,-1.864374068254078809e-01,7.374013955960821320e+00,-4.099794396432789867e-01,-3.253160722239160085e-01,7.186593455828024446e+00,-3.427863363200821523e-01,-4.105352929159832853e-01,6.831338151015752480e+00,-2.603666444453127671e-01,-4.465310206702179929e-01,6.318211583302423051e+00,-1.729114726418747305e-01,-4.410300124813140710e-01,5.667132118339993418e+00,-9.053100370701899768e-02,-4.036289768894410490e-01,4.901326241362624181e+00,-2.199826414492404153e-02,-3.434607803073527754e-01,4.043647990626385358e+00,2.575761961227157615e-02,-2.682006698452656379e-01,3.110204221298943583e+00,4.673464346407297382e-02,-1.814617261119905456e-01,2.094772450736085201e+00,2.482699922632126271e-02,-6.295304113472238727e-02,7.812132739974969597e-01
-2.176540028010528482e-01,-5.131688063296534902e-02,3.608654396773256057e+00,-4.214966895913227485e-01,-1.839322367172082917e-01,7.172257042104616787e+00,-3.814522005878386302e-01,-3.220998404461591358e-01,7.003292248556156174e+00,-3.192264433480420105e-01,-4.082820726963036773e-01,6.674916499897642908e+00,-2.419689230976558025e-01,-4.461996011760859249e-01,6.192671638152150493e+00,-1.591565736934374975e-01,-4.429284262337130351e-01,5.574082884631593515e+00,-8.054006317207247634e-02,-4.076228731674497174e-01,4.841592309082146883e+00,-1.484100926730728617e-02,-3.491809460146679811e-01,4.017239342328561946e+00,3.091923427486040210e-02,-2.752416657969800617e-01,3.117094255804682579e+00,5.071253398788069799e-02,-1.895506443876150138e-01,2.135903261874524617e+00,2.662552693686773275e-02,-6.694428758941120550e-02,8.105724748882903175e-01
-1.994428393904560670e-01,-4.985657091173377464e-02,3.491005160476350344e+00,-3.866210989923597463e-01,-1.803134053813121584e-01,6.943631638843980269e+00,-3.506737297301303902e-01,-3.169641542468528139e-01,6.794046606225509599e+00,-2.939670301387287132e-01,-4.037109203498687737e-01,6.494959087696391187e+00,-2.225775546002990990e-01,-4.435937605727696131e-01,6.048004900670036932e+00,-1.451853312165585219e-01,-4.429541409253633377e-01,5.467715335847026736e+00,-7.106316790918260073e-02,-4.103680265823204110e-01,4.774842722937440165e+00,-8.680898356134803331e-03,-3.544729190644209660e-01,3.991128802240182516e+00,3.504847951597994671e-02,-2.828249392221683922e-01,3.132717883944919457e+00,5.411577216174926624e-02,-1.989959825577237995e-01,2.192308063362601089e+00,2.830881105294870762e-02,-7.145888607271604076e-02,8.487088979030790181e-01
-1.804358786166920803e-01,-4.810949751327379259e-02,3.362625793546726083e+00,-3.501718030141430793e-01,-1.757258245722958523e-01,6.694000687557668527e+00,-3.184622004138899509e-01,-3.101389662935392089e-01,6.564635966751747098e+00,-2.676583469268628557e-01,-3.970475010741605915e-01,6.296333917973040428e+00,-2.027453432015044743e-01,-4.388804891948595022e-01,5.887951292059243613e+00,-1.314553456319828006e-01,-4.412389733490027499e-01,5.351069600735745446e+00,-6.240234668358374259e-02,-4.119938526398401191e-01,4.703790794012844501e+00,-3.677059618043243636e-03,-3.593578286231682295e-01,3.966401792797013215e+00,3.802084887206188396e-02,-2.907443404370155804e-01,3.155066787126379779e+00,5.683011551790585758e-02,-2.095855278416159928e-01,2.261330488838369845e+00,2.983137956798853282e-02,-7.639864008319158240e-02,8.947972718775941692e-01
-1.612116153557693332e-01,-4.615524394572682876e-02,3.225274075743474800e+00,-3.132912413898228943e-01,-1.702539206839788211e-01,6.426508464357877592e+00,-2.858734952545304298e-01,-3.018017668353730198e-01,6.318844933159957655e+00,-2.411382503661451682e-01,-3.885849035764839532e-01,6.084253466290615364e+00,-1.829928428300712506e-01,-4.323443137528942826e-01,5.717213813273865242e+00,-1.181736756062787136e-01,-4.379365641540816090e-01,5.226940797995051291e+00,-5.451882262126848261e-02,-4.125965116491259743e-01,4.630309212118523199e+00,3.975282090648282404e-04,-3.640777472858474639e-01,3.946235078055209566e+00,4.017800085676104249e-02,-2.994764312147699115e-01,3.189546898994914503e+00,5.908993161232550806e-02,-2.216892097400851025e-01,2.346936207599770619e+00,3.124240897121937852e-02,-8.182050383794133019e-02,9.496234541466304080e-01
-1.422701518534305321e-01,-4.401294469502130963e-02,3.082590797382738224e+00,-2.768807784148374362e-01,-1.641249454039301892e-01,6.148803112614595001e+00,-2.535743270005132999e-01,-2.922624441229402237e-01,6.063055502709953970e+00,-2.148028960851251501e-01,-3.785925217039937118e-01,5.862885755090587736e+00,-1.634532522382367570e-01,-4.243394988131343748e-01,5.540586822509023790e+00,-1.052587262796993856e-01,-4.335655969955973243e-01,5.101870454367510632e+00,-4.722430725190099321e-02,-4.127138588487030413e-01,4.560845253390305665e+00,3.717702785469009091e-03,-3.690356179152358140e-01,3.935291158774018694e+00,4.160921942011330810e-02,-3.092382715296366769e-01,3.238501498830346659e+00,6.094468282523575475e-02,-2.355527699471523517e-01,2.451473741753998681e+00,3.257361317089165625e-02,-8.781698093757539514e-02,1.014988026994704695e+00
-1.240732019166518596e-01,-4.176171991955766188e-02,2.936397261287510219e+00,-2.418384508128113008e-01,-1.574632156013944517e-01,5.864285126701274997e+00,-2.223878516727716137e-01,-2.818102906986857392e-01,5.801994098465703686e+00,-1.893722444527749238e-01,-3.675062588047733336e-01,5.638456497080963636e+00,-1.447516651959306622e-01,-4.152120607193858781e-01,5.362472836703216394e+00,-9.321827021583352357e-02,-4.283074793337289243e-01,4.977988579692715909e+00,-4.084997089214151278e-02,-4.124651718049859306e-01,4.496811382238210086e+00,6.107895499236349647e-03,-3.742405260066505313e-01,3.933751206177726001e+00,4.218813115865180374e-02,-3.199117869714747653e-01,3.300701367781137652e+00,6.218309032592024554e-02,-2.509386168966108999e-01,2.572487276524618949e+00,3.368052927984441919e-02,-9.416305697526859697e-02,1.089271178390307293e+00
-1.070347250425432717e-01,-3.945375688610146953e-02,2.790206221759452099e+00,-2.090273388344689731e-01,-1.504804002879167601e-01,5.579616052229294354e+00,-1.932178238968343953e-01,-2.706806925192402069e-01,5.539810565722568469e+00,-1.656862747833882377e-01,-3.554785361024634938e-01,5.412508866994503620e+00,-1.275341966038660013e-01,-4.051136213245701834e-01,5.184296724611764162e+00,-8.250083755373645300e-02,-4.221887869217683109e-01,4.855425011807978919e+00,-3.575156478149707495e-02,-4.116294652315615199e-01,4.435733286562501654e+00,7.260760329530814745e-03,-3.794706538270395946e-01,3.939349670317042751e+00,4.162284800442193206e-02,-3.313479451741170867e-01,3.374841324212664695e+00,6.242615650123109483e-02,-2.675187614515261436e-01,2.706862044408929524e+00,3.433747318140253219e-02,-1.005593877807124115e-01,1.170152319311171585e+00
-9.142702235104184505e-02,-3.714320767117925554e-02,2.646143951120297544e+00,-1.789181500268984260e-01,-1.433365475098011821e-01,5.299133897800248683e+00,-1.663721499344162635e-01,-2.592101294010047408e-01,5.281836897086036764e+00,-1.439309318680695449e-01,-3.428975960025143488e-01,5.190036434444307289e+00,-1.119653548322423475e-01,-3.942832634696869509e-01,5.008447577769981507e+00,-7.325265351821734494e-02,-4.154361731786444523e-01,4.736321197409129269e+00,-3.202314738852964082e-02,-4.104961341852366719e-01,4.380674917851438366e+00,7.030531268289247175e-03,-3.846829447611596065e-01,3.951840936819089212e+00,3.960239782242486184e-02,-3.430564649145482758e-01,3.456214163038755949e+00,6.124985097474872076e-02,-2.847839535464201655e-01,2.849960589991914706e+00,3.432128364782034702e-02,-1.067343331838755544e-01,1.256022073100588221e+00
-7.748420447758537499e-02,-3.489545968180379765e-02,2.507330318070057906e+00,-1.520201117159258875e-01,-1.362273170056114424e-01,5.028615854911279826e+00,-1.424055218899496489e-01,-2.476836184969473109e-01,5.032528224058114397e+00,-1.245755737278572833e-01,-3.301660496648701204e-01,4.975717895033823446e+00,-9.829392316165611043e-02,-3.832812407888164796e-01,4.841082334944904808e+00,-6.553166598759438410e-02,-4.084559836855954362e-01,4.624818280200649667e+00,-2.963940935484635220e-02,-4.091401744943259366e-01,4.332157345848475671e+00,5.510544163339505148e-03,-3.899677946954105412e-01,3.972174252489650836e+00,3.623448157967104621e-02,-3.552508573880043818e-01,3.547426678784769916e+00,5.858583636134360312e-02,-3.026935544779894016e-01,3.002078532740552586e+00,3.352478905794302466e-02,-1.124765188572098562e-01,1.345870721116576352e+00
-6.532660447711295670e-02,-3.276154022377813363e-02,2.375915620003752338e+00,-1.285644206563579250e-01,-1.293097294486221793e-01,4.772355101291797297e+00,-1.215100307448108985e-01,-2.363957990146596799e-01,4.796315256579736896e+00,-1.077789978293113987e-01,-3.175760219601174716e-01,4.772751836665662495e+00,-8.666270751068781697e-02,-3.722909789149576598e-01,4.683407801906634305e+00,-5.939709005729654212e-02,-4.015098809034733929e-01,4.522981833405864016e+00,-2.853510463782404569e-02,-4.079755341836925897e-01,4.294138321751218790e+00,2.783280404668345663e-03,-3.955814673786635649e-01,4.002975866584463915e+00,3.150827513747308378e-02,-3.679192260047478569e-01,3.648691641382693085e+00,5.433759142173566481e-02,-3.211950324743036433e-01,3.163401782686780184e+00,3.188604900839786538e-02,-1.177213224336127739e-01,1.440146560047937951e+00
-5.496580297791922587e-02,-3.078107586941017035e-02,2.254745688417102656e+00,-1.085366265933312702e-01,-1.227781275081556711e-01,4.535993078134765710e+00,-1.036281026813974937e-01,-2.256746360850342970e-01,4.578415668155995100e+00,-9.346700849637543107e-02,-3.055557791644327725e-01,4.586158332479370436e+00,-7.699399641816143114e-02,-3.617718535381627687e-01,4.540103010164634689e+00,-5.483067312234971014e-02,-3.949047607169122176e-01,4.433521112786928065e+00,-2.879588205173416737e-02,-4.070794547373962069e-01,4.266994946077422135e+00,-1.320631462711223565e-03,-4.014635903951755402e-01,4.043564123461686144e+00,2.516646835418646228e-02,-3.808396255822596999e-01,3.758189218692723266e+00,4.814143955851509643e-02,-3.398688645966889132e-01,3.330528828573371847e+00,2.919722718812446660e-02,-1.221768649262977985e-01,1.536837801321524921e+00
-4.640096575886952512e-02,-2.900297054295809113e-02,2.145977610384526280e+00,-9.199100162901904798e-02,-1.167796765290747552e-01,4.323666458351403286e+00,-8.890318339573465012e-02,-2.157671143922004486e-01,4.382514292245629939e+00,-8.182690309300029441e-02,-2.943980040103537088e-01,4.419081112264358069e+00,-6.946877229941683662e-02,-3.520296287505033650e-01,4.413913954262018713e+00,-5.197433545518389403e-02,-3.888678590628268372e-01,4.358198729402119831e+00,-3.054302487682217584e-02,-4.064650887116326161e-01,4.250423189304521010e+00,-6.941720924568788031e-03,-4.074138458920744665e-01,4.091889836859625262e+00,1.702852201719381314e-02,-3.937108821213072818e-01,3.873334139356893413e+00,3.974014676198246027e-02,-3.582413605238278786e-01,3.499619282715486612e+00,2.530159158655910165e-02,-1.255664615356600344e-01,1.633378522325321436e+00
-3.953386791391946820e-02,-2.745121319730720738e-02,2.051735347310706281e+00,-7.869543572962292566e-02,-1.114645404274822726e-01,4.139740775396562711e+00,-7.707393286541132371e-02,-2.069508430339087046e-01,4.213095151554636431e+00,-7.264561247649659048e-02,-2.844056009964242571e-01,4.275033417583284034e+00,-6.396656874061791564e-02,-3.432501631981834667e-01,4.306218970273527624e+00,-5.076712762106517368e-02,-3.835437936491346012e-01,4.297798637702504365e+00,-3.370824021697096939e-02,-4.063659458812403646e-01,4.246377567339464143e+00,-1.401113812294977473e-02,-4.135831756572950213e-01,4.149385767770663591e+00,7.112062565233076214e-03,-4.064046430175464741e-01,3.993182648462432649e+00,2.913941691292838351e-02,-3.761449013261725649e-01,3.669682526415812607e+00,2.021292803700729113e-02,-1.278422280937357436e-01,1.729869910721855808e+00
-3.427578332286593948e-02,-2.615272095544084879e-02,1.974152952236240655e+00,-6.850642985799820783e-02,-1.069784466230979947e-01,3.988605027291306282e+00,-6.803299699914677756e-02,-1.994730452731955095e-01,4.074234134415500641e+00,-6.577718387336961570e-02,-2.759315134163360383e-01,4.158206887988728617e+00,-6.025216083537131284e-02,-3.359426814977435893e-01,4.222410634749043545e+00,-5.094409692869560080e-02,-3.793800788323327122e-01,4.256662583001779687e+00,-3.809482579358482168e-02,-4.069265750812021132e-01,4.255917294838223341e+00,-2.239046885043420240e-02,-4.199865852538119393e-01,4.216052117034092106e+00,-4.447251775323290968e-03,-4.189838964385889652e-01,4.118583675084813933e+00,1.643523118037503589e-02,-3.934333725172377560e-01,3.839889575860793602e+00,1.395457899442894764e-02,-1.289097914390578414e-01,1.824865835109259482e+00
-3.024064077772958825e-02,-2.510818697063181906e-02,1.912416307214356292e+00,-6.068863536203477488e-02,-1.032844909303406583e-01,3.868359242848899981e+00,-6.113440379860944629e-02,-1.933200880722119042e-01,3.964674221500332330e+00,-6.070593071409770974e-02,-2.689942554202136571e-01,4.068030014951891538e+00,-5.795751260049014641e-02,-3.300318277975463066e-01,4.160741064435039327e+00,-5.219122822879646711e-02,-3.762975506020612704e-01,4.233098757516497557e+00,-4.332435742915929922e-02,-4.081835463866727576e-01,4.278894613130501234e+00,-3.164714214441792517e-02,-4.265407889243786332e-01,4.290851771784321755e+00,-1.721637969195449758e-02,-4.310898463978699580e-01,4.246114949611138556e+00,2.082380967971038388e-03,-4.097281425058442728e-01,4.006891531342544610e+00,6.766513958235714776e-03,-1.287156440308648564e-01,1.917213954197318326e+00
-2.687085912817550881e-02,-2.424954431632538043e-02,1.863593598960519904e+00,-5.413343530368138617e-02,-1.002592005581084827e-01,3.773736994114483156e+00,-5.531172346352677960e-02,-1.882351130106388881e-01,3.878780104465991307e+00,-5.642607513355751836e-02,-2.631856994704617758e-01,3.997659586709455315e+00,-5.611085944419692828e-02,-3.250583925340774782e-01,4.114633561411098484e+00,-5.359975397664756142e-02,-3.737058232132497992e-01,4.219825754671988172e+00,-4.858869990617774304e-02,-4.092986413673451729e-01,4.305975146433421941e+00,-4.100542956020548913e-02,-4.323068000988998238e-01,4.363966345981185491e+00,-3.036685095051783884e-02,-4.417464549749220981e-01,4.366029341114748163e+00,-1.305326193533824439e-02,-4.239390914207541439e-01,4.160146626810078629e+00,-9.201602713749222617e-04,-1.269344352083620342e-01,2.001328942753150208e+00
-2.403483200523038460e-02,-2.352185050207224876e-02,1.822938358445883145e+00,-4.862104694954405559e-02,-9.764618587712468878e-02,3.695064201244867785e+00,-5.040083314516135421e-02,-1.838606877981790177e-01,3.808483097253117400e+00,-5.279789021203165622e-02,-2.581998220535718369e-01,3.941803304937402164e+00,-5.460908912250553304e-02,-3.206953869825147629e-01,4.079345472526469507e+00,-5.506912377939527509e-02,-3.712168488780267506e-01,4.211776086444704248e+00,-5.373095201262724496e-02,-4.097805079056832667e-01,4.331379663853106798e+00,-5.024698929870297787e-02,-4.365385745622689662e-01,4.427361138794905671e+00,-4.360896382726017761e-02,-4.499749295145888395e-01,4.468275711072193346e+00,-2.861766440167947539e-02,-4.349037730204822760e-01,4.287995876854850508e+00,-8.919120490773839102e-03,-1.233835927871402005e-01,2.070700879030230368e+00
-2.160290718770287860e-02,-2.288196990666819738e-02,1.788728824892040326e+00,-4.390867844794756752e-02,-9.536139771535653842e-02,3.629136615109963326e+00,-4.624462382470480304e-02,-1.800065700962239501e-01,3.749907240864207125e+00,-4.979440615960782635e-02,-2.537518098692727042e-01,3.895768951323094864e+00,-5.349055803832002826e-02,-3.167141474077856955e-01,4.051346146035665008e+00,-5.661485054640105763e-02,-3.687050563414318582e-01,4.206816298419395750e+00,-5.865069790812023343e-02,-4.096089483335995096e-01,4.354089094861816278e+00,-5.904629488586567859e-02,-4.393030358752762488e-01,4.480890959742368729e+00,-5.632900610564207239e-02,-4.557288693110013167e-01,4.551565826155637318e+00,-4.369910192294601536e-02,-4.425482319238008277e-01,4.388882410601429029e+00,-1.669909081866828571e-02,-1.184862561046536450e-01,2.124918691535392590e+00
-1.951653613556629877e-02,-2.230404702697719524e-02,1.758583889653833499e+00,-3.988676984154555100e-02,-9.327245580316553819e-02,3.571086195214049575e+00,-4.271186269877093322e-02,-1.764873996413269808e-01,3.698928942893749738e+00,-4.722316130830444408e-02,-2.496790332454588979e-01,3.856727171684612543e+00,-5.251321352760753708e-02,-3.130101945006677489e-01,4.028803120423437356e+00,-5.794362233464439571e-02,-3.662241653944814934e-01,4.204849538763901329e+00,-6.298606883392703082e-02,-4.089585834094331407e-01,4.375113043060402163e+00,-6.692986543916770725e-02,-4.408223917543842019e-01,4.525800304942242391e+00,-6.785355405582917110e-02,-4.594171431217018986e-01,4.618834477108449299e+00,-5.746603366433244986e-02,-4.472861584459214557e-01,4.465740729180501134e+00,-2.382456858463046293e-02,-1.129029742808323744e-01,2.164675603605639154e+00
-1.771281678903953438e-02,-2.176258039377245226e-02,1.731202509201763107e+00,-3.640894075997047619e-02,-9.131847785797835015e-02,3.518508389090815758e+00,-3.965245818856352744e-02,-1.732128610004968483e-01,3.653561638781264165e+00,-4.498249556147594641e-02,-2.459374638371595867e-01,3.823705367852404002e+00,-5.163420260831698416e-02,-3.096023662153651879e-01,4.011559715752921029e+00,-5.904861525703994363e-02,-3.637686824620240955e-01,4.205239924857469447e+00,-6.668112026739142495e-02,-4.079169079376358531e-01,4.394543301872432473e+00,-7.370401901238578246e-02,-4.413969414494062771e-01,4.564125432156339812e+00,-7.782622453975000798e-02,-4.613507755496052409e-01,4.671970400485310648e+00,-6.935050077768814547e-02,-4.495475844518308506e-01,4.521438377027250155e+00,-2.994526096844355584e-02,-1.072468475348205968e-01,2.192320208298350170e+00
-1.615660940134991744e-02,-2.124942658994597236e-02,1.706512251556578708e+00,-3.340218017072960760e-02,-8.951093001256761605e-02,3.471700224588234018e+00,-3.701258864814332972e-02,-1.701855503514340118e-01,3.613969265631790329e+00,-4.307900291642906970e-02,-2.424129451548397984e-01,3.794959575633481741e+00,-5.092681807049938281e-02,-3.062868994758882191e-01,3.996679435321549789e+00,-6.004454028437353208e-02,-3.612296684522482426e-01,4.206173662364812493e+00,-6.988649284765433012e-02,-4.064165951899156859e-01,4.410913129876420591e+00,-7.949914290981377474e-02,-4.409392868774053009e-01,4.593942766362024699e+00,-8.621114945000077356e-02,-4.617269163744439076e-01,4.711688412793191283e+00,-7.913665000759662060e-02,-4.498542818995561743e-01,4.559843113609648668e+00,-3.492387947284546906e-02,-1.019598638219422065e-01,2.210166880234040399e+00
-1.479295161659534980e-02,-2.076379007125221665e-02,1.684170406847528501e+00,-3.075762362913700074e-02,-8.780785602186798322e-02,3.429331841379097412e+00,-3.467333933770039289e-02,-1.673306340061690711e-01,3.578498832680947928e+00,-4.137171243274009869e-02,-2.390947023929719806e-01,3.770092012767598533e+00,-5.025878592060096378e-02,-3.030682762613349790e-01,3.983989681880935496e+00,-6.085068927016717283e-02,-3.584638392620211333e-01,4.205570976450803578e+00,-7.255055004483212944e-02,-4.043197568454048874e-01,4.422009465974890752e+00,-8.428649449145647621e-02,-4.395599211023386022e-01,4.615470231919149846e+00,-9.308291990214036249e-02,-4.608016215130686932e-01,4.739522713012316757e+00,-8.700140721412741307e-02,-4.486086195065671633e-01,4.583824682027002773e+00,-3.886314373511730313e-02,-9.721366129311792559e-02,2.220319598338552858e+00
-1.358180996353565428e-02,-2.030248404626766937e-02,1.664421972372886138e+00,-2.838478063611875671e-02,-8.624271463199974230e-02,3.392397937628380600e+00,-3.254928178021788965e-02,-1.646730449172986166e-01,3.547772030459325876e+00,-3.981633164340194625e-02,-2.358730175500598492e-01,3.747386607943677728e+00,-4.960957488111832764e-02,-2.997545741145776765e-01,3.970652609615777262e+00,-6.143166414425371702e-02,-3.554144817787279753e-01,4.202251829485966539e+00,-7.464549045468507615e-02,-4.017017565112163680e-01,4.428052190891652806e+00,-8.805937026361916609e-02,-4.373585391526871868e-01,4.629013134462529599e+00,-9.839112372570785192e-02,-4.588131825638736006e-01,4.757028537849314453e+00,-9.285502857240905683e-02,-4.462280934661743692e-01,4.596701853490000822e+00,-4.172041822056876681e-02,-9.307465658722068047e-02,2.224739196253453066e+00
-1.253072894616380148e-02,-1.986864875081299428e-02,1.646341071158490488e+00,-2.634861560063311847e-02,-8.473457477870001420e-02,3.358085247329056777e+00,-3.075127046019949378e-02,-1.620558360944708565e-01,3.518189892814620912e+00,-3.848785997246983309e-02,-2.326054013618563676e-01,3.724201610836253007e+00,-4.900303404698147514e-02,-2.962343887918605367e-01,3.954835670126136904e+00,-6.178400443305952228e-02,-3.519514161317198186e-01,4.194252584891948743e+00,-7.613767810175318951e-02,-3.984923405952349174e-01,4.427712223189513630e+00,-9.076855935957843513e-02,-4.344648120595317464e-01,4.635298607720701014e+00,-1.021584059970538777e-01,-4.560992680430690505e-01,4.767030638832696177e+00,-9.684951778576682269e-02,-4.432099596498568217e-01,4.602911527841836659e+00,-4.360400103778498682e-02,-8.962450540822183842e-02,2.226105784414953881e+00
-1.161012877042424951e-02,-1.946408995287791585e-02,1.629533435832241750e+00,-2.457632151201655582e-02,-8.325905362815384791e-02,3.325371744689104681e+00,-2.919749597473578900e-02,-1.594154251959098711e-01,3.488182282857026362e+00,-3.732106102433709743e-02,-2.291926119771360848e-01,3.698643349521092194e+00,-4.840272323856406600e-02,-2.924145024768652901e-01,3.934888912008271067e+00,-6.192216183692834247e-02,-3.480105478714357048e-01,4.180370343562678670e+00,-7.714638393766032332e-02,-3.946637829807981279e-01,4.420244189843494098e+00,-9.269260264138463878e-02,-4.308717841970552964e-01,4.633831372537660087e+00,-1.048268700713642643e-01,-4.526319913111978011e-01,4.768821816638162403e+00,-9.954605459909482423e-02,-4.395179518460936574e-01,4.601684804927836048e+00,-4.481766038380920886e-02,-8.667387560530644131e-02,2.224095461715989597e+00
-1.080483122870910806e-02,-1.909205061580021914e-02,1.613992481911595389e+00,-2.304380916430759721e-02,-8.183104504899910148e-02,3.294542974780584110e+00,-2.787753583645283598e-02,-1.567838220794871840e-01,3.458197501360653181e+00,-3.634206185046377768e-02,-2.256201540218931989e-01,3.670242146244139025e+00,-4.790029467706213157e-02,-2.882157072317972912e-01,3.909443351495708097e+00,-6.201482783809241645e-02,-3.435345822630079260e-01,4.159577094558486010e+00,-7.792370399755443877e-02,-3.901504378535762818e-01,4.404597156890491583e+00,-9.416061378226459055e-02,-4.264356163130589850e-01,4.622753111285153871e+00,-1.067946768837741145e-01,-4.482863898705203298e-01,4.760781164003176080e+00,-1.014179714316126302e-01,-4.350582184439371614e-01,4.591782249498988833e+00,-4.561692950494473930e-02,-8.406497271373278291e-02,2.217976059514389142e+00
-1.009449100770817842e-02,-1.875260522919807230e-02,1.599211895657212112e+00,-2.170701835218090056e-02,-8.041449711256694333e-02,3.264161865385839967e+00,-2.674109532980234114e-02,-1.541074243873307159e-01,3.426755901006347749e+00,-3.547534345330800171e-02,-2.219227819758539388e-01,3.639163235830902732e+00,-4.739035724023249463e-02,-2.837614201934288705e-01,3.879875467739375416e+00,-6.195436162024654109e-02,-3.385760252170573747e-01,4.132265426464025282e+00,-7.837252174059967935e-02,-3.849968879686049283e-01,4.380994302578347543e+00,-9.512174994009137130e-02,-4.213338275740510230e-01,4.603726085880881946e+00,-1.081284203175122000e-01,-4.432273698524339389e-01,4.744439461245746337e+00,-1.026431907638886976e-01,-4.299359572551346154e-01,4.574097437426593693e+00,-4.610878092218800850e-02,-8.170038810965174481e-02,2.208229885114988189e+00
-9.439029885555349358e-03,-1.844302065028259607e-02,1.585665321945486594e+00,-2.042763729019349619e-02,-7.907552908827127081e-02,3.236177947263086274e+00,-2.554446988542712765e-02,-1.515394811842806222e-01,3.396996439204234441e+00,-3.441969295334212919e-02,-2.182648226990763773e-01,3.607970614784657748e+00,-4.655161335772189241e-02,-2.792516962497086364e-01,3.848683473354260531e+00,-6.141270072324955809e-02,-3.335393078345515461e-01,4.103106587903679880e+00,-7.820898185886460130e-02,-3.796771964305386549e-01,4.354671315243023422e+00,-9.535301068067579544e-02,-4.158823747378106450e-01,4.580077968670871691e+00,-1.086052105091524916e-01,-4.377555576154249506e-01,4.722872047443883226e+00,-1.030005264112031638e-01,-4.244512921904571301e-01,4.551719571643236151e+00,-4.619364514540678229e-02,-7.960551680379324146e-02,2.196056669100797443e+00
-8.829629055910464056e-03,-1.815958055012201200e-02,1.573310256425430431e+00,-1.919732265054638343e-02,-7.782479748623746807e-02,3.210685176455944756e+00,-2.429135538346511441e-02,-1.491369316226156538e-01,3.369866769784876759e+00,-3.315606104870548465e-02,-2.148468302094585780e-01,3.579667719085264377e+00,-4.532243710208969101e-02,-2.750027459137079355e-01,3.820098661909477222e+00,-6.028776976979802887e-02,-3.286645584228291006e-01,4.075019397890887518e+00,-7.724566547691320839e-02,-3.744483080823350352e-01,4.328471541091467145e+00,-9.457687340052775560e-02,-4.105317360706057794e-01,4.556663212385714701e+00,-1.079548117712315486e-01,-4.323211141519566758e-01,4.700877609329876528e+00,-1.022603951366278380e-01,-4.190164285262064636e-01,4.528994295878354670e+00,-4.575908781042253154e-02,-7.783283769049108292e-02,2.184033593568722953e+00
-8.261682013471662381e-03,-1.789933546487629951e-02,1.561986917433843658e+00,-1.800772148477403772e-02,-7.666080923637970390e-02,3.187422547765852432e+00,-2.297721890721349247e-02,-1.469017393681476547e-01,3.345292692840725390e+00,-3.170817944736844390e-02,-2.116400396807984197e-01,3.553758195255171781e+00,-4.376830780606051630e-02,-2.709752105257410282e-01,3.793488073581310793e+00,-5.867911926073900164e-02,-3.240499218232123502e-01,4.049097608829685058e+00,-7.565630716693338975e-02,-3.694583389688431696e-01,4.304090415155833682e+00,-9.305251995653984753e-02,-4.053122446205936202e-01,4.533840940380023277e+00,-1.064388814336154204e-01,-4.269774067735404577e-01,4.679038551435328763e+00,-1.006617576609423331e-01,-4.136423738591840649e-01,4.506106167425114606e+00,-4.492753719560356462e-02,-7.631788088464452890e-02,2.171697877633103069e+00
-7.727125653924071629e-03,-1.765523753353471365e-02,1.551917880755904422e+00,-1.685433076724093121e-02,-7.560508890649125791e-02,3.167100901304779725e+00,-2.164086343768156437e-02,-1.448627304971508989e-01,3.323946429974121042e+00,-3.017586711056995455e-02,-2.086852107383616040e-01,3.530889026246356366e+00,-4.206447793430857091e-02,-2.672211963211293950e-01,3.769594814988367126e+00,-5.686520869750030793e-02,-3.196310746910522305e-01,4.024618446371039049e+00,-7.379707180444594616e-02,-3.645402361405585823e-01,4.279593510967510284e+00,-9.118475060151588762e-02,-4.000566153981507389e-01,4.509722371468146918e+00,-1.045415507945036404e-01,-4.214522581164069637e-01,4.654369632447616034e+00,-9.871024594849286959e-02,-4.080475245121613082e-01,4.479947575324839448e+00,-4.393677544231373161e-02,-7.491346608925358863e-02,2.157980928071081550e+00
-7.253738098607162392e-03,-1.742939488862319322e-02,1.542408039761644423e+00,-1.584617282869892410e-02,-7.460094960361902949e-02,3.147735895376491566e+00,-2.047578193096716292e-02,-1.429306756026511860e-01,3.303772717372358780e+00,-2.881217356123350753e-02,-2.058837433882087231e-01,3.509448130391645826e+00,-4.050362454866789086e-02,-2.635950416979691013e-01,3.746414378501653708e+00,-5.513278990744919367e-02,-3.152878609079760586e-01,4.000019852330791714e+00,-7.193998673904462848e-02,-3.596171060059904501e-01,4.254032067086984448e+00,-8.924518524071185788e-02,-3.946480641217141594e-01,4.482924111859604821e+00,-1.025044590437777930e-01,-4.156367472617114589e-01,4.625548650891108338e+00,-9.662658579367788825e-02,-4.020481755869904084e-01,4.448415732137243950e+00,-4.289925682026686504e-02,-7.352804788208763820e-02,2.141217706384783703e+00
-6.828437591629890613e-03,-1.721546149065004971e-02,1.533639830320733699e+00,-1.495052257055933496e-02,-7.365560184444965020e-02,3.129819196974944706e+00,-1.945532580048521185e-02,-1.410813102237185312e-01,3.284513483374275733e+00,-2.761145533986791162e-02,-2.031640767955051885e-01,3.488310673755456115e+00,-3.909954226610025396e-02,-2.600766588215779884e-01,3.723633935334879297e+00,-5.354088353451578325e-02,-3.110322863556464479e-01,3.975447740713288436e+00,-7.018445672644751943e-02,-3.546835481590171479e-01,4.227265352153778188e+00,-8.732102705709507418e-02,-3.891296526952550683e-01,4.453785468071586706e+00,-1.003803573893817386e-01,-4.096108286254295794e-01,4.593277082793624899e+00,-9.440317978728268722e-02,-3.957628565195945858e-01,4.412583610167948756e+00,-4.179001827920652418e-02,-7.222372384823100289e-02,2.122099965540361399e+00
-6.452607338681318194e-03,-1.701412451080681204e-02,1.525210831388891686e+00,-1.417498711686463950e-02,-7.273882196608265349e-02,3.112359586788204346e+00,-1.858145880682262122e-02,-1.393094999998033545e-01,3.265997149474654915e+00,-2.656143795557386680e-02,-2.005876175189900135e-01,3.468585042205673208e+00,-3.783325648640251809e-02,-2.567113805081461808e-01,3.702005789493990839e+00,-5.203412470563226894e-02,-3.069220559159805961e-01,3.951616047327076053e+00,-6.842898561415972081e-02,-3.498916410730602000e-01,4.201022550077701645e+00,-8.532026127657751924e-02,-3.836670032796991592e-01,4.424076019492562573e+00,-9.811971101711766674e-02,-4.034971868656729299e-01,4.558745151046456279e+00,-9.202275625505354495e-02,-3.893175822257364804e-01,4.373648130457779004e+00,-4.060562845195088422e-02,-7.103511223683210696e-02,2.101334813367426335e+00
-6.113394501109160536e-03,-1.682450326607047575e-02,1.517313345164780891e+00,-1.348599903664795749e-02,-7.186138746088932550e-02,3.095926404324564452e+00,-1.782232368011722398e-02,-1.376001292986086533e-01,3.248179348640658493e+00,-2.564449618552613192e-02,-1.980932895607252220e-01,3.449351682255679119e+00,-3.669392116658757447e-02,-2.534908909645808284e-01,3.681414364961513641e+00,-5.063716482259534440e-02,-3.029929424482380451e-01,3.929015254744918195e+00,-6.674466302146808694e-02,-3.452353459090196086e-01,4.175213548963868426e+00,-8.329117963497854882e-02,-3.782977278298333412e-01,4.394126542745619979e+00,-9.569278052833435355e-02,-3.974658225175184967e-01,4.523719072082077908e+00,-8.939546535068622346e-02,-3.828911772212477138e-01,4.333458209838401132e+00,-3.929239609768381269e-02,-7.000236200378419371e-02,2.079545188382169840e+00
-5.785942811955378448e-03,-1.664100256554056773e-02,1.510035585218842735e+00,-1.280108190271995669e-02,-7.102864173339686060e-02,3.080775535813614852e+00,-1.704670083857465560e-02,-1.359851332584981753e-01,3.231842086718219154e+00,-2.472131512013854560e-02,-1.957352384621622310e-01,3.431684978374522021e+00,-3.557141099098463238e-02,-2.504052943428396460e-01,3.661886518625744102e+00,-4.925350255697918261e-02,-2.991928756080000085e-01,3.907024089596451422e+00,-6.502842348888805690e-02,-3.407407542665374933e-01,4.150135762852783294e+00,-8.117538120965926696e-02,-3.730949298337576381e-01,4.364740648231114406e+00,-9.312972672237881944e-02,-3.915543871456914626e-01,4.488545051712956813e+00,-8.658891472184579441e-02,-3.766259349266644629e-01,4.293488510461060059e+00,-3.788136392122800483e-02,-6.914242525684144436e-02,2.058199763342655420e+00
-5.475004499150674248e-03,-1.646649582470370229e-02,1.503418359080802347e+00,-1.213291042473657426e-02,-7.025482476965792811e-02,3.067355116649617575e+00,-1.625601144597222172e-02,-1.344926671478539337e-01,3.217735549498488723e+00,-2.375335307036016697e-02,-1.935426063942237429e-01,3.416183512575374781e+00,-3.437191108777346016e-02,-2.475180848312455162e-01,3.644384293545510189e+00,-4.776472582319386817e-02,-2.956158047251384313e-01,3.886933337194784066e+00,-6.318562636813870870e-02,-3.364566048093248773e-01,4.126446950468863228e+00,-7.889380460593070632e-02,-3.680891600102744743e-01,4.336297856349194291e+00,-9.034577891049051790e-02,-3.858841533679068792e-01,4.454613654236680986e+00,-8.355022340504950074e-02,-3.706274754438466656e-01,4.254984269672021036e+00,-3.636219403003267819e-02,-6.843419182739887696e-02,2.037514278757561748e+00
-5.174577686471371583e-03,-1.629517819655504005e-02,1.497486398731941559e+00,-1.147297890961964176e-02,-6.952742578484599756e-02,3.055294712131354729e+00,-1.545981574460745731e-02,-1.330770702108048931e-01,3.204836408401252612e+00,-2.277369274068749214e-02,-1.914606099645903003e-01,3.401890666591016466e+00,-3.314923006950695056e-02,-2.447749349694339493e-01,3.628161974777132759e+00,-4.622679603095871531e-02,-2.921871739376700194e-01,3.867809795729665101e+00,-6.123433091330694050e-02,-3.323448323079958855e-01,4.103705914380585185e+00,-7.642031807152130374e-02,-3.633405534260505387e-01,4.309546558913933012e+00,-8.729469721819844985e-02,-3.805589913546522096e-01,4.423183190873539061e+00,-8.020081115005363304e-02,-3.650864593965854055e-01,4.220165794948720794e+00,-3.468228798718028111e-02,-6.789887684110749999e-02,2.019179782143849078e+00
-4.903770762989262053e-03,-1.613227399466848552e-02,1.491811149802011016e+00,-1.087731508547554529e-02,-6.883156997099992847e-02,3.043887557345047679e+00,-1.472473825491112977e-02,-1.317288811422207551e-01,3.192863110179438912e+00,-2.184346577485674762e-02,-1.894483551024582768e-01,3.388145298576521025e+00,-3.195786710320029644e-02,-2.420706029777631996e-01,3.611681735460236187e+00,-4.468252132934129317e-02,-2.888249513095427767e-01,3.848561496399431459e+00,-5.924439601937592226e-02,-3.283675840478639252e-01,4.081488389370504066e+00,-7.390575838871835113e-02,-3.587543878236155726e-01,4.283452189557782397e+00,-8.422362829187320099e-02,-3.754531428823371098e-01,4.392916837068192137e+00,-7.687466860935403268e-02,-3.598668891572469608e-01,4.187662479308165153e+00,-3.302904621920884493e-02,-6.745459437852342754e-02,2.002354314796683799e+00
-4.660830591222747329e-03,-1.597523244109960716e-02,1.486527434083523502e+00,-1.036155355918316930e-02,-6.815163968080281687e-02,3.032786954835134274e+00,-1.411597220720256854e-02,-1.303724414952992794e-01,3.180121058251545563e+00,-2.106207501947182648e-02,-1.874161174573079069e-01,3.373249461362985535e+00,-3.092131116928267115e-02,-2.393745349147722856e-01,3.594440919070145402e+00,-4.332172745321605928e-02,-2.854427893308752462e-01,3.828101473060819160e+00,-5.747667670428913134e-02,-3.243136965781615033e-01,4.057249638410128867e+00,-7.163435653471642017e-02,-3.541365621273072084e-01,4.255791823751541969e+00,-8.141889286951797811e-02,-3.703913937429059722e-01,4.361901245253637427e+00,-7.384820569420136316e-02,-3.547157369802229065e-01,4.154675287155851215e+00,-3.153296235105074174e-02,-6.696481322706880623e-02,1.985378489107430422e+00
-4.451340477776302706e-03,-1.582881489892310270e-02,1.481026680817077557e+00,-9.935173176692698935e-03,-6.746395033463821467e-02,3.020939568178351298e+00,-1.363734588710977490e-02,-1.290022680865157423e-01,3.166378656256241708e+00,-2.046582102126325714e-02,-1.853335811814793288e-01,3.356770242148376049e+00,-3.013307631349233448e-02,-2.365463582981126300e-01,3.574414686138390529e+00,-4.223655588687867668e-02,-2.819186787322953136e-01,3.804773420193990674e+00,-5.599350182188286840e-02,-3.201724815260938994e-01,4.030868501108849422e+00,-6.968529785219884642e-02,-3.494119760863736990e-01,4.225732115474476913e+00,-7.899311161326588726e-02,-3.651991880884656871e-01,4.328159877827237878e+00,-7.123904147898403594e-02,-3.495020668870382763e-01,4.119774496499618799e+00,-3.025178176657135343e-02,-6.640667177403872246e-02,1.967729568222881253e+00
-4.257145812489785026e-03,-1.569087349132581438e-02,1.476003315317321096e+00,-9.548282112882684053e-03,-6.679887381500027033e-02,3.009746011588305237e+00,-1.321493405548473596e-02,-1.276379839741753619e-01,3.152288218576998258e+00,-1.991756757504095643e-02,-1.832412246015230617e-01,3.339372172530602700e+00,-2.936835649790417446e-02,-2.337465311145768554e-01,3.553969261652201617e+00,-4.118992335910139080e-02,-2.784219557997644201e-01,3.780934794406217048e+00,-5.460180357286065211e-02,-3.160103251840350458e-01,4.003254748179605471e+00,-6.787852011644658623e-02,-3.446925233548065459e-01,4.194670387230418740e+00,-7.676658494087118534e-02,-3.600578349890131147e-01,4.293904714771736408e+00,-6.889426390929447030e-02,-3.443178028669078294e-01,4.084106804702021698e+00,-2.911766313363736702e-02,-6.579207360748375033e-02,1.949517204029632689e+00
-4.068554222058347672e-03,-1.556043243155789610e-02,1.470937099579948892e+00,-9.149296345475350922e-03,-6.614863963754842591e-02,2.998607866149901824e+00,-1.273340627767770641e-02,-1.263405412282027351e-01,3.139078459478545469e+00,-1.928832769088234880e-02,-1.812757620585287444e-01,3.323579529836286461e+00,-2.852887121907017945e-02,-2.310856379191942589e-01,3.534890620786776960e+00,-4.005898009168371021e-02,-2.750938843503105136e-01,3.758528097812565694e+00,-5.310095212182488339e-02,-3.120791346635192198e-01,3.977641179559655349e+00,-6.595831396661432089e-02,-3.402072210595283308e-01,4.165477832101800892e+00,-7.443929952496831925e-02,-3.551379473880244553e-01,4.261242408171549201e+00,-6.646525002846598307e-02,-3.393824637436275715e-01,4.050339089021830929e+00,-2.794651974102671521e-02,-6.522668462756640861e-02,1.932357242386189444e+00
-3.878412782255024130e-03,-1.543749645049540507e-02,1.466628951860253771e+00,-8.731219819455062967e-03,-6.555380006638679424e-02,2.989238111873749659e+00,-1.220480396422645927e-02,-1.251349461914853523e-01,3.127577727564610832e+00,-1.857068087251460831e-02,-1.794314803254322965e-01,3.309313996698934446e+00,-2.754292476851872076e-02,-2.286115636402868134e-01,3.517898967459734294e+00,-3.874110950426996880e-02,-2.720111501814456711e-01,3.738676480032649074e+00,-5.139518549828188398e-02,-3.084238563152182366e-01,3.954684852410083717e+00,-6.381985736426543099e-02,-3.360534348102089397e-01,4.139411801644651057e+00,-7.189796089708368199e-02,-3.506051216657172787e-01,4.232246976423496676e+00,-6.385106658587115513e-02,-3.348618904651876615e-01,4.020540616088682739e+00,-2.669231156145288400e-02,-6.474664737120042202e-02,1.917302342735318854e+00
-3.688564155210095289e-03,-1.531675227688956108e-02,1.462495421345798796e+00,-8.287395282649344386e-03,-6.499197446689042312e-02,2.980543063671236670e+00,-1.160038249387954079e-02,-1.240236221296357882e-01,3.117653263795990615e+00,-1.774841755327314502e-02,-1.777517842317575258e-01,3.297387758863023155e+00,-2.644923211761493476e-02,-2.263413117277314202e-01,3.503349089158747542e+00,-3.732082656031358858e-02,-2.691540413962326683e-01,3.721179519080548115e+00,-4.960080032981099840e-02,-3.050119564343967693e-01,3.934056895417665345e+00,-6.162267508349491413e-02,-3.321470358268536760e-01,4.115557153722664729e+00,-6.933320986939074670e-02,-3.463326910772413503e-01,4.205515727725883224e+00,-6.124510864282096262e-02,-3.305999194720168344e-01,3.992989040565306347e+00,-2.544978021547218694e-02,-6.429415698164371584e-02,1.903369196743353475e+00
-3.506508672910052526e-03,-1.520154369717517488e-02,1.458862938619593708e+00,-7.861950349719605199e-03,-6.447166485440110339e-02,2.972987264473363922e+00,-1.102484926805898449e-02,-1.229859938009602166e-01,3.108964966820555453e+00,-1.696946314991437665e-02,-1.761671707135173126e-01,3.286593000954730392e+00,-2.541850468907987451e-02,-2.241706727059250281e-01,3.489683765504860258e+00,-3.598698228828682566e-02,-2.663906023757195984e-01,3.704281541787624477e+00,-4.790967253120111818e-02,-3.016950065118836899e-01,3.913910701303453532e+00,-5.954160006707900216e-02,-3.283380740400640430e-01,4.092123356714534310e+00,-6.690665193792864895e-02,-3.421477431924412893e-01,4.179027954019151281e+00,-5.879382783065883328e-02,-3.264333030849223549e-01,3.965779126723711467e+00,-2.428504386274692867e-02,-6.380647892726301618e-02,1.889780273433886881e+00
-3.348272503001972766e-03,-1.508878945711775686e-02,1.455327657091348481e+00,-7.506670050603559546e-03,-6.396593086002537454e-02,2.965566034649613325e+00,-1.056120462797197762e-02,-1.219647920533816488e-01,3.100138832652965526e+00,-1.633254905062299367e-02,-1.745919408548628482e-01,3.275370663974941365e+00,-2.453863118019531525e-02,-2.220250283479276721e-01,3.475744429138632796e+00,-3.480880440188179048e-02,-2.636675367095370204e-01,3.687257769090094506e+00,-4.639714507737970062e-02,-2.983998585815930693e-01,3.893326876034292283e+00,-5.767202188031522042e-02,-3.245349762471700927e-01,4.067998010459397129e+00,-6.471864938045696070e-02,-3.379773091322872958e-01,4.151919787315989652e+00,-5.659554843915473588e-02,-3.222660166553780736e-01,3.937798170683785681e+00,-2.324925010928723113e-02,-6.326662491092507890e-02,1.875694809632744375e+00
-3.207636938216102719e-03,-1.498039723556258973e-02,1.451706566050007696e+00,-7.200940916978025921e-03,-6.345700283401303765e-02,2.957676415313408746e+00,-1.016758291541114759e-02,-1.209491946341539892e-01,3.090883332194622302e+00,-1.578570054059163716e-02,-1.730513187734860348e-01,3.264209336881569001e+00,-2.379052274142707049e-02,-2.199088378862827653e-01,3.461673526519347899e+00,-3.380294737991709764e-02,-2.609614707784809196e-01,3.669805659543187826e+00,-4.507345317553430875e-02,-2.951409474473382089e-01,3.872492378662860446e+00,-5.600161426979205492e-02,-3.207664703537338458e-01,4.043544354579316824e+00,-6.274838654174062780e-02,-3.338072515783054306e-01,4.124020730951536429e+00,-5.462331937086541134e-02,-3.180745350222075052e-01,3.908739792888313858e+00,-2.232417491071017612e-02,-6.268692831621561212e-02,1.861055000009379290e+00
-3.084763977107167661e-03,-1.487691376387712504e-02,1.448339752944610037e+00,-6.950971083477211487e-03,-6.296652311305453442e-02,2.950306929648337295e+00,-9.873974774999478426e-03,-1.199484278640974705e-01,3.081655381990451303e+00,-1.537059123902415753e-02,-1.715078757130993614e-01,3.252495417584131854e+00,-2.317128564554377101e-02,-2.178232523179312041e-01,3.447465970601943042e+00,-3.292015349012322734e-02,-2.583201419705530300e-01,3.652616076750126783e+00,-4.388700246363026053e-02,-2.919335740270738722e-01,3.851632330969661844e+00,-5.448132446296374831e-02,-3.170485221376733165e-01,4.018957222324976541e+00,-6.092949783922139984e-02,-3.296960838576749597e-01,4.096031273106400583e+00,-5.279318118640122237e-02,-3.139214248047220712e-01,3.879352666007430006e+00,-2.146699372969056857e-02,-6.210071426237347147e-02,1.846121757977426947e+00
-2.967736400038765033e-03,-1.477640940387587622e-02,1.444808819080038775e+00,-6.710315682749124280e-03,-6.246722383300858800e-02,2.942359272764886402e+00,-9.582559320880708331e-03,-1.189525603474413940e-01,3.072076383773508557e+00,-1.496349115756902617e-02,-1.700046795776965214e-01,3.241056375342014739e+00,-2.259224339195753384e-02,-2.157811366007863219e-01,3.433431353799603958e+00,-3.209965850321665204e-02,-2.557444048802937075e-01,3.635727266584565243e+00,-4.276134322561085666e-02,-2.888454114685904406e-01,3.831641692504563768e+00,-5.302284880995375427e-02,-3.134550079383974230e-01,3.995183095861610578e+00,-5.917724200591526623e-02,-3.256951198494629218e-01,4.068588210464132437e+00,-5.102571227350142374e-02,-3.098749571765380129e-01,3.850466531168534878e+00,-2.063853458005817515e-02,-6.154175778663897173e-02,1.831402827415253398e+00
-2.841430024951255729e-03,-1.467904126610615825e-02,1.441856490831335602e+00,-6.428779577572986750e-03,-6.201252531382597799e-02,2.935984713226243326e+00,-9.223254456104201457e-03,-1.180342658215278590e-01,3.064197854358443607e+00,-1.447770676256413674e-02,-1.685989871177727140e-01,3.231068583188573928e+00,-2.192532634449174955e-02,-2.138784171077516283e-01,3.421110164493030403e+00,-3.120795432223881852e-02,-2.533119547811990002e-01,3.620327260050521190e+00,-4.159547012089469947e-02,-2.858812954284308816e-01,3.812650036297265288e+00,-5.153541926158675124e-02,-3.100248583827403537e-01,3.972743726760155969e+00,-5.739679079368141534e-02,-3.218925950307068851e-01,4.042813574777497365e+00,-4.922436696888114749e-02,-3.060287692359580092e-01,3.823252170191155042e+00,-1.978969987341242659e-02,-6.102985539276768734e-02,1.817553598418450989e+00
-2.716919429624248435e-03,-1.458312515847152817e-02,1.439013177570396484e+00,-6.142492264447767768e-03,-6.157395833099054555e-02,2.929940319841418006e+00,-8.839432852701202548e-03,-1.171669858585707297e-01,3.057184129409435513e+00,-1.395301458924200211e-02,-1.672785437019883581e-01,3.222303904290602983e+00,-2.120859232510257167e-02,-2.120720147071719353e-01,3.409874610841379994e+00,-3.023216629320245666e-02,-2.510309493986358498e-01,3.606526549277854876e+00,-4.031014124312293917e-02,-2.831304933940634871e-01,3.795873688428425652e+00,-4.992132138756472104e-02,-3.068048628813410672e-01,3.952298581217742246e+00,-5.548696776440925627e-02,-3.183230252560117490e-01,4.019192836937469870e+00,-4.728929913671978819e-02,-3.024592587354864026e-01,3.798725224015419233e+00,-1.887450809355341666e-02,-6.059045408133281740e-02,1.805137110079135132e+00
-2.591735700516048339e-03,-1.448864758453146176e-02,1.436517169832710383e+00,-5.843754140394131699e-03,-6.116370781940133616e-02,2.924745991594666972e+00,-8.426863354438474812e-03,-1.163467939732279605e-01,3.051041777555207890e+00,-1.338605638453164298e-02,-1.660310138074321540e-01,3.214510361045731290e+00,-2.044456478552207634e-02,-2.103720851026401051e-01,3.399877156383535493e+00,-2.922953067820186976e-02,-2.488401921058568111e-01,3.593515797727792727e+00,-3.900799001354272183e-02,-2.804733942251121381e-01,3.779749040300043994e+00,-4.826963453211625954e-02,-3.037657240631795874e-01,3.933499601900791287e+00,-5.352825338876761319e-02,-3.149919393183069904e-01,3.997863407331651242e+00,-4.530276902595276045e-02,-2.991560796237089925e-01,3.776822503853941360e+00,-1.793086192851364030e-02,-6.019917411578985800e-02,1.794270362346404024e+00
-2.481678408657815669e-03,-1.439647832775313614e-02,1.434072770648019191e+00,-5.590321780385671541e-03,-6.076357541965692055e-02,2.919642275403616427e+00,-8.081850819670378244e-03,-1.155479352385190006e-01,3.045040591626299253e+00,-1.290182810794914502e-02,-1.647972596782664445e-01,3.206585738951870823e+00,-1.976620732582226592e-02,-2.086706507186297521e-01,3.389389225140364559e+00,-2.829683720568661881e-02,-2.466824595157931233e-01,3.580434780044940979e+00,-3.778616943233985975e-02,-2.778667415216505288e-01,3.763731824994172470e+00,-4.674736504796676156e-02,-3.007413199198809006e-01,3.914277472473912223e+00,-5.173754036467598932e-02,-3.116977582482424181e-01,3.976342795940371211e+00,-4.350162937963970855e-02,-2.959144631758969246e-01,3.755073943150989635e+00,-1.708289599235036579e-02,-5.978762120714666006e-02,1.783452247517832268e+00
-2.388914687838648680e-03,-1.430789298304790090e-02,1.431525074931937480e+00,-5.393664768791100496e-03,-6.035387447943429268e-02,2.913941586415507157e+00,-7.837013199670806243e-03,-1.147147065938151078e-01,3.037810495760511653e+00,-1.255353590137083322e-02,-1.635204748427277477e-01,3.197380137661818278e+00,-1.926216614188516751e-02,-2.069253297949408266e-01,3.377716973246545518e+00,-2.758717921209300622e-02,-2.444453246192362927e-01,3.565703764462051506e+00,-3.681072522395700819e-02,-2.751754590507349829e-01,3.746001535680944627e+00,-4.547243484191772211e-02,-2.976717705595231522e-01,3.893862988711108475e+00,-5.021726903089395594e-02,-3.083423702864571125e-01,3.953426711480690692e+00,-4.198460617708867082e-02,-2.926044786535658693e-01,3.731852836600502599e+00,-1.637403451480767477e-02,-5.930507074088301606e-02,1.772057055023685601e+00
-2.306562753132431268e-03,-1.422302811827007470e-02,1.428986780522029543e+00,-5.229299012475565472e-03,-5.994630047642217352e-02,2.908148300326488744e+00,-7.646717350108377109e-03,-1.138787607042740097e-01,3.030205640368588860e+00,-1.228560137248955499e-02,-1.622149392417664426e-01,3.187262214719594144e+00,-1.886042213684113386e-02,-2.051286430503510838e-01,3.364765993915637132e+00,-2.699663126835475171e-02,-2.421697495594524741e-01,3.549902471109385171e+00,-3.599670725287055367e-02,-2.724377283825066276e-01,3.727104645794633075e+00,-4.441462610681246731e-02,-2.945257647720820882e-01,3.871872033306919203e+00,-4.893928253761246905e-02,-3.049309993598759427e-01,3.929180433259360061e+00,-4.071532779626639564e-02,-2.892265664895127819e-01,3.707197093316799918e+00,-1.579051275911649149e-02,-5.877245714873053500e-02,1.759689246673465046e+00
-2.227731988826890750e-03,-1.414199956402671481e-02,1.426442713574791687e+00,-5.069507625549392674e-03,-5.954030713485990167e-02,2.902243360315055032e+00,-7.455534770303593253e-03,-1.130508790224307170e-01,3.022481489061798143e+00,-1.200726279021690525e-02,-1.609432626740279759e-01,3.177403021313653042e+00,-1.844305476978022260e-02,-2.033934022683505372e-01,3.352394192089853675e+00,-2.639276945613354755e-02,-2.399635343886416805e-01,3.534653993627296487e+00,-3.516203250065641495e-02,-2.697895786440030474e-01,3.708909023661460136e+00,-4.333628464480721032e-02,-2.914854218309792522e-01,3.850708931553586289e+00,-4.767326028788007597e-02,-3.015918871589841066e-01,3.905278868526367742e+00,-3.948260841646349106e-02,-2.859113751526074498e-01,3.682750573385625170e+00,-1.522593640335670288e-02,-5.824693741032264255e-02,1.747521989061445957e+00
-2.142017928377177183e-03,-1.406341655007625237e-02,1.424144055134919595e+00,-4.879404924336085483e-03,-5.915634067416743885e-02,2.897028215965615328e+00,-7.205193562277716068e-03,-1.122706837339905173e-01,3.015700967578736957e+00,-1.165179901123133618e-02,-1.597412222272705518e-01,3.168563286817604574e+00,-1.793585983119309196e-02,-2.017578178999054617e-01,3.341255062274885557e+00,-2.568880090003632100e-02,-2.378961307654734458e-01,3.520991843130817589e+00,-3.422453538372140919e-02,-2.673066358218919580e-01,3.692487434093261189e+00,-4.214160623253988130e-02,-2.886380333018434552e-01,3.831544619278883790e+00,-4.625547415313560617e-02,-2.984873951430607186e-01,3.883826819540865838e+00,-3.807465737994971539e-02,-2.828318168667773858e-01,3.660771366505215951e+00,-1.457298836950393119e-02,-5.778427997077383027e-02,1.736473377771041715e+00
-2.051089409352545214e-03,-1.398640286694140950e-02,1.422062959299899454e+00,-4.661264303573008777e-03,-5.879673110918025303e-02,2.892522525975790515e+00,-6.894893150348598183e-03,-1.115517503087519180e-01,3.010169988019951504e+00,-1.120874993577466658e-02,-1.586394731204185393e-01,3.161339290736258967e+00,-1.731810379593197793e-02,-2.002494818627821582e-01,3.331832789795537320e+00,-2.485501883145105340e-02,-2.359812352563129267e-01,3.509156232045182122e+00,-3.314416068274977228e-02,-2.650031904722113252e-01,3.678066563403821210e+00,-4.081096063356978720e-02,-2.859863237526954483e-01,3.814460892029149175e+00,-4.472574272165098092e-02,-2.955971044047217555e-01,3.864614601217933210e+00,-3.657283620743672498e-02,-2.799875398501628365e-01,3.641295322502809739e+00,-1.387478220111359149e-02,-5.738959630423334096e-02,1.726787347002691764e+00
-1.958954686806626926e-03,-1.391025586078203577e-02,1.420203810703901004e+00,-4.435388503344401927e-03,-5.845745961195886881e-02,2.888565409224995495e+00,-6.567929341658246094e-03,-1.108710441855469825e-01,3.005309876017593584e+00,-1.074622982066900621e-02,-1.575977705662924278e-01,3.154935450457843960e+00,-1.668789594343574392e-02,-1.988227652240719401e-01,3.323380063093580361e+00,-2.402626996896636835e-02,-2.341485238470997210e-01,3.498131533505133728e+00,-3.208379079298297187e-02,-2.627851070666331057e-01,3.664382038100242323e+00,-3.950307727782569750e-02,-2.834410630428269573e-01,3.798311894802001376e+00,-4.322219327852208637e-02,-2.928099184551630763e-01,3.846245176442751657e+00,-3.509784934911661797e-02,-2.772405656904154969e-01,3.622592482785309098e+00,-1.318833578605539333e-02,-5.698986731107919673e-02,1.717583354241861704e+00
-1.876524957189305539e-03,-1.383569471028203018e-02,1.418397822175707423e+00,-4.239010816115038049e-03,-5.812860660607738900e-02,2.884747083828488545e+00,-6.293024052216239506e-03,-1.102089425799848837e-01,3.000610029705202297e+00,-1.035978549128623201e-02,-1.565663359826275358e-01,3.148409404685629021e+00,-1.615036131628066335e-02,-1.973898806128410455e-01,3.314452441811255756e+00,-2.329603059598787940e-02,-2.323176174166171060e-01,3.486719486747464902e+00,-3.113567361562112959e-02,-2.605648750099188726e-01,3.650228691456568253e+00,-3.833069291050893862e-02,-2.808707638093839720e-01,3.781359072084978123e+00,-4.185858558376335387e-02,-2.900253992718981322e-01,3.827416957297412825e+00,-3.375533978085429321e-02,-2.745084933806058447e-01,3.603625814735047062e+00,-1.256710096369196943e-02,-5.657079917706999556e-02,1.708155305799224255e+00
-1.807476956499387208e-03,-1.376298590156849362e-02,1.416545617820551772e+00,-4.087785695071130890e-03,-5.779610190077810739e-02,2.880587231089396294e+00,-6.090849604243873429e-03,-1.095315859266686037e-01,2.995206038168038987e+00,-1.005934064592009514e-02,-1.555234630592060852e-01,3.141283416661177164e+00,-1.571220330761954886e-02,-1.959538641981652674e-01,3.305092503443063379e+00,-2.268738132065831886e-02,-2.304587690073866268e-01,3.474488515189011029e+00,-3.032025180419057817e-02,-2.583130658637896593e-01,3.635188550927733075e+00,-3.729686376710537876e-02,-2.782967848015284740e-01,3.763887725432820464e+00,-4.066902590890712071e-02,-2.872043396985065056e-01,3.807632647201478981e+00,-3.261227591868538778e-02,-2.717193881267878641e-01,3.583442474431191460e+00,-1.204413156860562571e-02,-5.611094937856927339e-02,1.698258564941099724e+00
-1.747563241689442486e-03,-1.369286300693855520e-02,1.414603076288162731e+00,-3.963872278523362588e-03,-5.746113720593887253e-02,2.876146961514832956e+00,-5.936052788171332709e-03,-1.088500438177919943e-01,2.989411556675566572e+00,-9.829527029777046510e-03,-1.544637892963464654e-01,3.133520266418933442e+00,-1.536124236226620032e-02,-1.944945346141976894e-01,3.294969927054488767e+00,-2.217036246958053319e-02,-2.286132275077687181e-01,3.462037576726459065e+00,-2.961513655407822798e-02,-2.560830892470885578e-01,3.620022906989319722e+00,-3.639874410169535029e-02,-2.757025927771016294e-01,3.745680992005736787e+00,-3.960112518030584755e-02,-2.843728448922018814e-01,3.787215619696746582e+00,-3.156642163532921708e-02,-2.689050638071808774e-01,3.562471253724293518e+00,-1.156846437880497055e-02,-5.563079704233421519e-02,1.687669974661721639e+00
-1.691919202710024826e-03,-1.362543202636456834e-02,1.412712235392456606e+00,-3.854971247362741407e-03,-5.712825360139645731e-02,2.871697071341068330e+00,-5.806794856495902518e-03,-1.081684477650009801e-01,2.983391138316445534e+00,-9.628321633116682793e-03,-1.534179535029561448e-01,3.125710706960042273e+00,-1.504105269538486001e-02,-1.930716044804169362e-01,3.285116112087087092e+00,-2.169371897564787571e-02,-2.267877446829211774e-01,3.449515516983945318e+00,-2.894214978142274977e-02,-2.538771205548565058e-01,3.604754692099045865e+00,-3.551311738917651423e-02,-2.731817623692939789e-01,3.727987267957739270e+00,-3.856135365787209668e-02,-2.816049524090542544e-01,3.767147926661939206e+00,-3.056343496641398053e-02,-2.661493505574929475e-01,3.541772082243990205e+00,-1.111125712220381589e-02,-5.517389471296561126e-02,1.677385369119759773e+00
-1.630447185672123656e-03,-1.355943618862959048e-02,1.410868074672504857e+00,-3.717849960784018384e-03,-5.680493732937981488e-02,2.867471375943370759e+00,-5.622228958074682904e-03,-1.075179336134983316e-01,2.977948333223623845e+00,-9.361248766576226940e-03,-1.524165313458720472e-01,3.118545882647707934e+00,-1.465580127989637993e-02,-1.916977225187034284e-01,3.275775097746049358e+00,-2.114954172728248163e-02,-2.250565289600830188e-01,3.438035909158456249e+00,-2.821560158153108705e-02,-2.517979570550114565e-01,3.590870661562802546e+00,-3.460134719275210352e-02,-2.707634912175748143e-01,3.711238047239357130e+00,-3.749072698451171026e-02,-2.789460141481620581e-01,3.748039103888651802e+00,-2.951581331800183505e-02,-2.634921441259393537e-01,3.521908884103745141e+00,-1.063229329493576431e-02,-5.474224812667378981e-02,1.667305656293105454e+00
-1.560274106581071825e-03,-1.349419043396985277e-02,1.409352199046173926e+00,-3.550052150762653819e-03,-5.650676383968103456e-02,2.864135869417121505e+00,-5.388463656973289592e-03,-1.069135684178870449e-01,2.973546068613774462e+00,-9.032811955648537700e-03,-1.514869304020407259e-01,3.112556419517598094e+00,-1.419836293114299340e-02,-1.904312329817945959e-01,3.267955686354496514e+00,-2.053587718267059492e-02,-2.234263309958369748e-01,3.427771400979010341e+00,-2.741514812933227088e-02,-2.498081201687734620e-01,3.577863668936414054e+00,-3.359353563170597995e-02,-2.684749795395363625e-01,3.695812209477713051e+00,-3.631785867674057477e-02,-2.764422040974714445e-01,3.730532179085255695e+00,-2.836301055708309246e-02,-2.610131862349996945e-01,3.503937073842125383e+00,-1.009716085998625841e-02,-5.436798492334960625e-02,1.658363710695118343e+00
-1.493244132320284412e-03,-1.343007437547493604e-02,1.407858231598442034e+00,-3.384676714166515079e-03,-5.621785590895113371e-02,2.860928707058973064e+00,-5.143365183988637263e-03,-1.063401381500566206e-01,2.969670917065117877e+00,-8.678422219375135985e-03,-1.506074157198510621e-01,3.107320873354781021e+00,-1.370700624122599826e-02,-1.892103811100634692e-01,3.260619951213470369e+00,-1.986880200781716149e-02,-2.218681961492080523e-01,3.418242319954641673e+00,-2.654231987096496506e-02,-2.479389466009466469e-01,3.566185194365599109e+00,-3.251458938596293174e-02,-2.663171499527299813e-01,3.681759078678062735e+00,-3.507513078237303739e-02,-2.740804895090385718e-01,3.714485649098545395e+00,-2.714252647702133231e-02,-2.586878471528170076e-01,3.487586667114184635e+00,-9.530011702370180804e-03,-5.402651435231401594e-02,1.650257255124217837e+00
-1.426592347640085520e-03,-1.336580836648752595e-02,1.406536555105536657e+00,-3.220666004979588423e-03,-5.594334142150765576e-02,2.858128915799341474e+00,-4.907149739185841415e-03,-1.057828828399821619e-01,2.966013840303497240e+00,-8.342159431380672535e-03,-1.497425428502240918e-01,3.102086194733696178e+00,-1.323548254063641044e-02,-1.880251766701935279e-01,3.253558961465463639e+00,-1.923713012747632276e-02,-2.203449999474120513e-01,3.408914942558145533e+00,-2.573088950875825759e-02,-2.460780880236314583e-01,3.554253288639469766e+00,-3.150715520740758613e-02,-2.641799138734802765e-01,3.667576563072902918e+00,-3.390349145119542912e-02,-2.717708118218857827e-01,3.698716330732275903e+00,-2.598566233379705215e-02,-2.564258632212267353e-01,3.471681871269799657e+00,-8.991323691694533965e-03,-5.368825252989208735e-02,1.642414525747996068e+00
-1.376268795887040236e-03,-1.330453006435577956e-02,1.405056394007387466e+00,-3.110454758724485926e-03,-5.566021491192425091e-02,2.854758724050148189e+00,-4.754758792613769311e-03,-1.052111323736149712e-01,2.961654693587801201e+00,-8.107231267412928072e-03,-1.488624254704553895e-01,3.096242724277048275e+00,-1.288619947451861113e-02,-1.868026100577148962e-01,3.245550674001412617e+00,-1.873536378988660892e-02,-2.187737434443218776e-01,3.398485484292449232e+00,-2.504262701949621847e-02,-2.441910130986233440e-01,3.541557024841860191e+00,-3.063166133099643959e-02,-2.620164203383820722e-01,3.652635476414521243e+00,-3.289151953272448359e-02,-2.694108118964251286e-01,3.681856117042558107e+00,-2.500788572497915016e-02,-2.541109752685463685e-01,3.454669641431326266e+00,-8.543570759068655485e-03,-5.330845138916771170e-02,1.634089487472911717e+00
-1.331812491156360518e-03,-1.324483982959819006e-02,1.403527781576648925e+00,-3.021626168641319572e-03,-5.537522491067041475e-02,2.851186106447860524e+00,-4.649416181602666030e-03,-1.046237643371508846e-01,2.956684781874939105e+00,-7.947983260095815156e-03,-1.479421915479283423e-01,3.089306931740487094e+00,-1.262852701615683505e-02,-1.855391207393113362e-01,3.236499990417633921e+00,-1.834545207393803445e-02,-2.171696932314023665e-01,3.387202898846762622e+00,-2.450333455108200803e-02,-2.422528065263085395e-01,3.527756297073178615e+00,-2.993393017848676452e-02,-2.597892880366904356e-01,3.636413579333007462e+00,-3.206028621842476473e-02,-2.669969764693794767e-01,3.663854740864789239e+00,-2.420015261389001776e-02,-2.517226066765918535e-01,3.436287788537001564e+00,-8.178052920376885707e-03,-5.289224526433172757e-02,1.624898015718617250e+00
