# x1, y1, z1, x2, y2, z2, ...
0.000000000000000000e+00,0.000000000000000000e+00,0.000000000000000000e+00,9.331547533679714177e-06,1.599804100344079938e+00,2.214641521733196755e-02,4.488092807474733294e-05,3.198618305840079223e+00,8.266047538805217088e-02,1.751992213689658158e-04,4.796039958353639499e+00,1.731872110608056736e-01,3.890271840631070012e-04,6.391994885055916953e+00,2.866829587102450172e-01,6.958309299348742604e-04,7.986694169409166655e+00,4.167675415635230252e-01,1.071760020617171108e-03,9.580409570605381120e+00,5.584002935471564788e-01,1.500853944076087614e-03,1.117347443392501916e+01,7.072058598766411963e-01,1.961577322452516883e-03,1.276614804295785177e+01,8.601427115247555211e-01,2.437526014294056145e-03,1.435865392106313543e+01,1.014820993530592075e+00,2.919000941782764775e-03,1.595110018831966947e+01,1.170111772576419185e+00
0.000000000000000000e+00,0.000000000000000000e+00,0.000000000000000000e+00,9.070587175350921288e-06,1.599803987490612034e+00,2.215186228068927177e-02,4.425443700169556571e-05,3.198617829308738170e+00,8.267460043222009392e-02,1.743276198463254982e-04,4.796039202039584559e+00,1.732058554002761930e-01,3.880934418814465802e-04,6.391994021746197241e+00,2.867028000893594442e-01,6.950353892787536434e-04,7.986693346546603678e+00,4.167866099597788421e-01,1.071273695657583595e-03,9.580408856231262149e+00,5.584179287057606800e-01,1.500809255502785029e-03,1.117347383962795249e+01,7.072220474040451510e-01,1.962056761189264614e-03,1.276614755854065919e+01,8.601576436276032744e-01,2.438581641205994112e-03,1.435865352307356702e+01,1.014834973124402184e+00,2.920661807984179740e-03,1.595109983118674002e+01,1.170125318009109572e+00
0.000000000000000000e+00,0.000000000000000000e+00,0.000000000000000000e+00,8.585998720099671271e-06,1.599803737483488586e+00,2.216714908018448810e-02,4.312426945545802336e-05,3.198616432958556022e+00,8.271929282358086999e-02,1.729546729152456721e-04,4.796036481352286884e+00,1.732740930949019098e-01,3.870904251653654610e-04,6.391990429919720995e+00,2.867834209002194656e-01,6.950667507067494113e-04,7.986689610167049480e+00,4.168689875995407745e-01,1.072961063755272643e-03,9.580405476109088880e+00,5.584962810008485823e-01,1.504631498505051889e-03,1.117347099332162230e+01,7.072946370245639658e-01,1.968341686709294651e-03,1.276614523984442329e+01,8.602247041637491876e-01,2.447507165964609484e-03,1.435865164079904233e+01,1.014897521830379290e+00,2.932314168459094865e-03,1.595109831907864972e+01,1.170184069311794861e+00
0.000000000000000000e+00,0.000000000000000000e+00,0.000000000000000000e+00,8.371226281930957330e-06,1.599803342431918018e+00,2.219204390756158995e-02,4.303258631964886229e-05,3.198613989994218532e+00,8.279709372210859730e-02,1.740163915581702009e-04,4.796031068607994996e+00,1.734048301270185166e-01,3.904847261656477111e-04,6.391982260393406889e+00,2.869533616527825681e-01,7.019403046299203201e-04,7.986679956667683378e+00,4.170574122036598275e-01,1.084310936932173777e-03,9.580395704695590098e+00,5.586862729685808659e-01,1.521194157890092295e-03,1.117346205787471902e+01,7.074757806324369902e-01,1.990616966571561244e-03,1.276613756170007186e+01,8.603928289931234152e-01,2.475751778670931980e-03,1.435864526329794622e+01,1.015052297843685780e+00,2.966636282415262976e-03,1.595109318907723406e+01,1.170326072613937507e+00
0.000000000000000000e+00,0.000000000000000000e+00,0.000000000000000000e+00,8.494905513182438787e-06,1.599802643414961256e+00,2.223148190265064952e-02,4.431916209848748558e-05,3.198609939569982075e+00,8.292120237705040420e-02,1.783206639663832986e-04,4.796021967141252063e+00,1.736174894074199171e-01,3.996638384020587413e-04,6.391967858727753082e+00,2.872401810720396353e-01,7.175988906893460183e-04,7.986661591988255537e+00,4.173925639233476148e-01,1.107678976185207500e-03,9.580375425671073586e+00,5.590428033805586727e-01,1.553059191530839012e-03,1.117344201063820286e+01,7.078295991853383873e-01,2.031448042958728956e-03,1.276611929846110094e+01,8.607279112293390044e-01,2.525753723431345583e-03,1.435862954086950083e+01,1.015361104580904561e+00,3.025881519152920970e-03,1.595108021079773231e+01,1.170606704223883243e+00
0.000000000000000000e+00,0.000000000000000000e+00,0.000000000000000000e+00,8.737140162599808126e-06,1.599801668558821000e+00,2.229011180883195414e-02,4.602392984217151101e-05,3.198603906550444353e+00,8.310916637754141301e-02,1.836471248854767686e-04,4.796007993321183882e+00,1.739456969521247787e-01,4.106962747243803969e-04,6.391945280891874859e+00,2.876895850252426112e-01,7.361132838261524045e-04,7.986632112803005334e+00,4.179268352974421230e-01,1.135011758466246846e-03,9.580341758173945621e+00,5.596244781868253693e-01,1.590023120281855527e-03,1.117340719852814246e+01,7.084236100184811979e-01,2.078482158455166075e-03,1.276608588044865478e+01,8.613074718517180761e-01,2.583004304365817995e-03,1.435859909416967106e+01,1.015910074254796180e+00,3.093381354781008907e-03,1.595105331765667245e+01,1.171119233298123508e+00
0.000000000000000000e+00,0.000000000000000000e+00,0.000000000000000000e+00,8.659882320755168952e-06,1.599800308254274217e+00,2.237129626833562340e-02,4.662382491338982484e-05,3.198595384890929871e+00,8.337290968470810471e-02,1.868062949180511619e-04,4.795987822510222820e+00,1.744146212964237663e-01,4.182112179993890326e-04,6.391911982316767826e+00,2.883430398360510849e-01,7.495393667416178898e-04,7.986587814041785194e+00,4.187154203399945374e-01,1.155518963244766845e-03,9.580290214423030193e+00,5.604949709945983294e-01,1.618323836379471393e-03,1.117335246596387321e+01,7.093283735188155026e-01,2.114998808202708629e-03,1.276603098586639184e+01,8.622140397044337767e-01,2.627909743244247285e-03,1.435854566716800740e+01,1.016801560860685738e+00,3.146746142477549468e-03,1.595100189687823544e+01,1.171990163475692404e+00
0.000000000000000000e+00,0.000000000000000000e+00,0.000000000000000000e+00,8.041394499966879902e-06,1.599798458873191720e+00,2.247798221488224793e-02,4.546625937863241787e-05,3.198583917402776589e+00,8.372264913799938590e-02,1.866518551454822027e-04,4.795960430754668380e+00,1.750431395572882853e-01,4.206069452443279779e-04,6.391866142298476383e+00,2.892296284575371912e-01,7.558756864107433852e-04,7.986525594912866843e+00,4.198023531881386883e-01,1.166824139525163891e-03,9.580215904532604299e+00,5.617179189789638372e-01,1.635173575290270248e-03,1.117327100379885962e+01,7.106277420377401510e-01,2.137729501484113021e-03,1.276594607862356767e+01,8.635492340706114600e-01,2.656670613763931904e-03,1.435845923603909924e+01,1.018152375616310668e+00,3.181626478073125257e-03,1.595091455454882556e+01,1.173350325846044706e+00
0.000000000000000000e+00,0.000000000000000000e+00,0.000000000000000000e+00,7.488211983392640108e-06,1.599796225082633638e+00,2.261031342598135777e-02,4.443753925887781504e-05,3.198569601662193840e+00,8.416081934019302435e-02,1.867427976378530606e-04,4.795925563833557170e+00,1.758409217971985961e-01,4.232771319157625539e-04,6.391806673733136712e+00,2.903714572204446620e-01,7.624043109441911315e-04,7.986443064385249535e+00,4.212264258175610898e-01,1.178105201452801743e-03,9.580114616645598602e+00,5.633532443154389835e-01,1.651648485203645843e-03,1.117315634242495648e+01,7.124064046196106892e-01,2.159600387755945209e-03,1.276582251053204686e+01,8.654209036495672525e-01,2.683971732178138270e-03,1.435832950448184242e+01,1.020087634305544277e+00,3.214386562981317447e-03,1.595077968817936309e+01,1.175338325845050713e+00
0.000000000000000000e+00,0.000000000000000000e+00,0.000000000000000000e+00,7.360206026085625613e-06,1.599793497695073174e+00,2.276717480479855185e-02,4.478604195761464346e-05,3.198552179778136662e+00,8.468619214191486222e-02,1.896811491879205644e-04,4.795882485663192085e+00,1.768120259673283401e-01,4.305466870120458521e-04,6.391731748885796982e+00,2.917854065417124221e-01,7.753918479204340106e-04,7.986336668822271889e+00,4.230238140525507951e-01,1.197647461628753704e-03,9.579980868651668757e+00,5.654574538036852838e-01,1.678059319567236796e-03,1.117300115138069927e+01,7.147396874869307304e-01,2.192976964765240913e-03,1.276565076973774460e+01,8.679264272508848688e-01,2.724291385151748381e-03,1.435814408516375451e+01,1.022733913828721475e+00,3.261648262851950947e-03,1.595058162161840798e+01,1.178114284995023908e+00
0.000000000000000000e+00,0.000000000000000000e+00,0.000000000000000000e+00,7.326441713620507404e-06,1.599790286094589620e+00,2.294878377942827230e-02,4.566308880457703396e-05,3.198531546436618189e+00,8.530130499086974183e-02,1.941713369334908002e-04,4.795830710822738041e+00,1.779646779595722705e-01,4.409155108291541530e-04,6.391640253207611089e+00,2.934875626672447946e-01,7.934643995874522291e-04,7.986204374357771307e+00,4.252210893054772511e-01,1.224550539614263677e-03,9.579811069169632987e+00,5.680740693187757984e-01,1.714255047836975949e-03,1.117279945179476464e+01,7.176963179063782228e-01,2.238615168605106228e-03,1.276542202168205442e+01,8.711640368480264573e-01,2.779346462094177406e-03,1.435789123829809277e+01,1.026219168413742944e+00,3.326103822460531063e-03,1.595030573841381560e+01,1.181835432612521997e+00
0.000000000000000000e+00,0.000000000000000000e+00,0.000000000000000000e+00,7.310662132950534877e-06,1.599786633090185317e+00,2.315704058626172346e-02,4.668549391818892544e-05,3.198507644492562640e+00,8.601122141847866720e-02,1.992756092822777121e-04,4.795770026316959367e+00,1.793062734862987395e-01,4.526759423797285450e-04,6.391531580984353589e+00,2.954900837349190290e-01,8.140093148769932726e-04,7.986044604134489688e+00,4.278414987013016701e-01,1.255249748320358752e-03,9.579601965990633516e+00,5.712444537894539875e-01,1.755752029531140518e-03,1.117254565463557370e+01,7.213420933247483013e-01,2.291169083285520425e-03,1.276512789743548737e+01,8.752279696171424428e-01,2.842965240038663240e-03,1.435755969778887398e+01,1.030666963191491314e+00,3.400779015238550047e-03,1.594993791826200713e+01,1.186654037783879234e+00
0.000000000000000000e+00,0.000000000000000000e+00,0.000000000000000000e+00,7.280900946431317513e-06,1.599782423759060324e+00,2.339013702682507523e-02,4.768935555895710429e-05,3.198480222079345126e+00,8.681272480590206120e-02,2.045616476738596888e-04,4.795699720650155484e+00,1.808373637300577930e-01,4.649958507544422115e-04,6.391404070543297067e+00,2.978030214840196033e-01,8.356852860799425780e-04,7.985854261613649641e+00,4.309094132773237384e-01,1.287784128209353224e-03,9.579348665980313982e+00,5.750104465696520561e-01,1.799875663260272268e-03,1.117223285588513804e+01,7.257381485893502626e-01,2.347200637001356852e-03,1.276475915678940432e+01,8.802018562192617246e-01,2.910962057535106465e-03,1.435713736176548316e+01,1.036188856371426104e+00,3.480764363644168937e-03,1.594946282538595028e+01,1.192713505437009935e+00
0.000000000000000000e+00,0.000000000000000000e+00,0.000000000000000000e+00,7.293298641678421464e-06,1.599777762863714869e+00,2.364585519955888365e-02,4.884921934762035485e-05,3.198449482586924741e+00,8.770134269824547690e-02,2.102712666068231998e-04,4.795619767490134855e+00,1.825562691688798755e-01,4.780644825793350493e-04,6.391256987901964948e+00,3.004327354178203957e-01,8.584706783820193537e-04,7.985631490448967362e+00,4.344429512875254140e-01,1.321766126064114269e-03,9.579047793071332251e+00,5.794052905252664587e-01,1.845766042298725707e-03,1.117185567603837093e+01,7.309372913053674425e-01,2.405288871294972153e-03,1.276430815028570898e+01,8.861603143627858614e-01,2.981273099810555216e-03,1.435661448529825179e+01,1.042879214855037429e+00,3.563287674255306587e-03,1.594886887344629756e+01,1.200125188135544807e+00
0.000000000000000000e+00,0.000000000000000000e+00,0.000000000000000000e+00,7.529304868521018793e-06,1.599772637607245640e+00,2.392470183352012753e-02,5.046742963341010969e-05,3.198415340816367358e+00,8.867761949959319934e-02,2.165871550329943819e-04,4.795529997583292570e+00,1.844623557554957161e-01,4.916399783524622903e-04,6.391089838359210518e+00,3.033799948413098968e-01,8.814362837791797156e-04,7.985374813286288287e+00,4.384514708714110642e-01,1.355363907226613332e-03,9.578696249347983027e+00,5.844531133200847606e-01,1.890536662985727685e-03,1.117140922138474224e+01,7.369796525772396301e-01,2.461395757029736110e-03,1.276376827359807997e+01,8.931582680014139575e-01,3.048682276670870283e-03,1.435598273508341904e+01,1.050807852469265002e+00,3.641968860455062004e-03,1.594814587472289880e+01,1.208975035669199949e+00
0.000000000000000000e+00,0.000000000000000000e+00,0.000000000000000000e+00,7.590807595839990655e-06,1.599766971183642861e+00,2.422509396224623024e-02,5.137232176421128560e-05,3.198377616010563251e+00,8.973831979182959884e-02,2.213731358288075889e-04,4.795429870499085645e+00,1.865540661173212267e-01,5.026003440965244595e-04,6.390901432168847762e+00,3.066474475456153481e-01,9.005690980865997588e-04,7.985082272618680754e+00,4.429421495031980460e-01,1.383828507720910378e-03,9.578291188290478431e+00,5.901663255105495942e-01,1.928859336517484450e-03,1.117088941374983158e+01,7.438862251035062156e-01,2.509737043815739397e-03,1.276313383512179911e+01,9.012291062503217098e-01,3.107011719103537368e-03,1.435523462002254647e+01,1.060022484157968403e+00,3.710257156549299790e-03,1.594728452386622841e+01,1.219325331933148071e+00
0.000000000000000000e+00,0.000000000000000000e+00,0.000000000000000000e+00,7.397971344636926810e-06,1.599760866027557071e+00,2.454623506972204369e-02,5.139384368541697392e-05,3.198336456375559855e+00,9.088176531538846858e-02,2.244808666551624489e-04,4.795319414578518291e+00,1.888300197143609749e-01,5.109753970722739251e-04,6.390691507280243933e+00,3.102347461867902556e-01,9.162072178107083173e-04,7.984753160525638549e+00,4.479163577259431261e-01,1.407898490042220436e-03,9.577831280969322236e+00,5.965491009734890104e-01,1.961940360363537746e-03,1.117029408134033375e+01,7.516657420815997526e-01,2.552047550427357769e-03,1.276240152713946330e+01,9.103886976317685509e-01,3.158571855688071389e-03,1.435436545309728729e+01,1.070548306190482357e+00,3.771069635904843263e-03,1.594627866071997424e+01,1.231211352083992461e+00
0.000000000000000000e+00,0.000000000000000000e+00,0.000000000000000000e+00,7.434240021737777688e-06,1.599754245597934776e+00,2.488867444827840003e-02,5.201251114726281098e-05,3.198291662890878850e+00,9.210788187221992385e-02,2.287078491631184879e-04,4.795198371934403347e+00,1.912867790542874535e-01,5.210769163050480964e-04,6.390459678868602111e+00,3.141351142092164150e-01,9.343292160271729485e-04,7.984386652223588676e+00,4.533669340804525327e-01,1.435342920264383619e-03,9.577314929000822374e+00,6.035968164257771162e-01,1.999418009580273409e-03,1.116962075316033420e+01,7.603166852569861467e-01,2.599861933874173057e-03,1.276156812645457883e+01,9.206371750155469824e-01,3.216793215240623411e-03,1.435337131647251496e+01,1.082386476566069122e+00,3.839721620098447349e-03,1.594512360735467027e+01,1.244635963508583743e+00
0.000000000000000000e+00,0.000000000000000000e+00,0.000000000000000000e+00,7.856915744301008875e-06,1.599747123318143727e+00,2.524956193750707220e-02,5.392339196167744871e-05,3.198243319958983033e+00,9.340931143163262729e-02,2.356757305824759140e-04,4.795066722112446556e+00,1.939146967956890677e-01,5.357755158481575372e-04,6.390205650779218871e+00,3.183375524999086936e-01,9.592509447310272738e-04,7.983982153564539885e+00,4.592806331457601199e-01,1.472021889636460209e-03,9.576741246464107959e+00,6.112931247381100386e-01,2.048745118786502589e-03,1.116886812105192206e+01,7.698204782170138261e-01,2.662237371746553703e-03,1.276063177622487999e+01,9.319547424865329832e-01,3.292305909841326990e-03,1.435224996316226687e+01,1.095514340082741178e+00,3.928366334134808339e-03,1.594381697682628030e+01,1.259571206440102786e+00
0.000000000000000000e+00,0.000000000000000000e+00,0.000000000000000000e+00,8.622732043403796620e-06,1.599739598021315823e+00,2.562666391425293469e-02,5.693819327407708395e-05,3.198191730595379756e+00,9.477848416948563004e-02,2.449364199328339089e-04,4.794924984471165885e+00,1.967000705496644575e-01,5.542695243855112796e-04,6.389930039236070947e+00,3.228229664756154804e-01,9.897352383659368483e-04,7.983540211286805466e+00,4.656339452646449106e-01,1.516180932423209175e-03,9.576110661931632961e+00,6.196097652593582916e-01,2.107568265725278788e-03,1.116803663838352101e+01,7.801420701586018192e-01,2.736175828109917857e-03,1.275959303276712831e+01,9.442984191044636599e-01,3.381485768519938706e-03,1.435100178900200696e+01,1.109883334499478513e+00,4.032800356435124918e-03,1.594235867526028905e+01,1.275965984192405367e+00
0.000000000000000000e+00,0.000000000000000000e+00,0.000000000000000000e+00,9.460764713927310830e-06,1.599731613182939549e+00,2.601831058043429026e-02,5.999719113176316880e-05,3.198136895753737274e+00,9.620861207286705852e-02,2.541212388498442017e-04,4.794773396619353534e+00,1.996276371151930185e-01,5.724723822109635931e-04,6.389633430567262629e+00,3.275658488940496604e-01,1.019761806209877391e-03,7.983061704293106686e+00,4.723913150084437240e-01,1.559800563162391579e-03,9.575424222060375357e+00,6.285019994309455349e-01,2.165902125869428960e-03,1.116712735407800139e+01,7.912288631502838454e-01,2.809775440305718134e-03,1.275845286838193715e+01,9.576083251327502932e-01,3.470523570395466200e-03,1.434962788887056995e+01,1.125424342164146552e+00,4.137293761555299945e-03,1.594075017953696438e+01,1.293739527788984267e+00
0.000000000000000000e+00,0.000000000000000000e+00,0.000000000000000000e+00,1.003401127596321317e-05,1.599723256023488860e+00,2.642125557656496357e-02,6.202606513904849821e-05,3.198079186546019859e+00,9.768901653346882819e-02,2.611318439587882213e-04,4.794612748797836943e+00,2.026774148932477537e-01,5.870729462321584973e-04,6.389317183733027150e+00,3.325348117477682219e-01,1.044636124994580487e-03,7.982548684705624176e+00,4.795081135945152839e-01,1.596657936421573771e-03,9.574684589959334247e+00,6.379123459895931214e-01,2.215876101633415963e-03,1.116614333268925741e+01,8.030121081398826632e-01,2.873431739714880570e-03,1.275721466293979667e+01,9.718048877022459342e-01,3.548057052230513611e-03,1.434813189271097755e+01,1.142047383816949147e+00,4.228750286693652195e-03,1.593899527161759977e+01,1.312792277398981744e+00
0.000000000000000000e+00,0.000000000000000000e+00,0.000000000000000000e+00,1.056181731947121975e-05,1.599714614301508631e+00,2.683217581414961903e-02,6.360724364139751935e-05,3.198019068348620930e+00,9.920714351660274433e-02,2.668536743075264838e-04,4.794444198041637684e+00,2.058236545264169326e-01,5.991142722676253123e-04,6.388983262622872417e+00,3.376900161971794767e-01,1.065421958701837524e-03,7.982003856529053643e+00,4.869309658014928099e-01,1.627720492412839922e-03,9.573895278608455683e+00,6.477726875796656625e-01,2.258294569783424535e-03,1.116508901713410040e+01,8.154072785059606199e-01,2.927771668688266236e-03,1.275588361873863619e+01,9.867884485346061219e-01,3.614549877149246786e-03,1.434651942570744509e+01,1.159640606954700504e+00,4.307461220536015940e-03,1.593709983165132549e+01,1.333001653847930346e+00
0.000000000000000000e+00,0.000000000000000000e+00,0.000000000000000000e+00,1.130618610177791393e-05,1.599705695322192867e+00,2.724665858543150881e-02,6.555676499971633186e-05,3.197956912948723751e+00,1.007479879889396912e-01,2.728054773354035589e-04,4.794268813251545858e+00,2.090374215480022002e-01,6.108801701017225897e-04,6.388633752373267249e+00,3.429856354810248420e-01,1.085163143880699989e-03,7.981430534184018377e+00,4.945951052311600704e-01,1.656779323621543776e-03,9.573060749385730261e+00,6.580001031327888938e-01,2.297691178014758025e-03,1.116396973306441787e+01,8.283157162847761823e-01,2.978043827289931101e-03,1.275446591078581804e+01,1.002444438606658883e+00,3.675918921464255834e-03,1.434479777132795419e+01,1.178070985355353928e+00,4.379978508888070221e-03,1.593507244188404215e+01,1.354214437069195087e+00
0.000000000000000000e+00,0.000000000000000000e+00,0.000000000000000000e+00,1.208899440729091128e-05,1.599696657806121136e+00,2.766059784439617655e-02,6.753190502103654776e-05,3.197893454683369718e+00,1.022961236595510831e-01,2.786590341243511885e-04,4.794088411386251636e+00,2.122865201934762414e-01,6.223275028421404237e-04,6.388271900138219550e+00,3.483700756962355150e-01,1.104339101971348004e-03,7.980833434420092409e+00,5.024295827516119806e-01,1.685006838629088443e-03,9.572187173213901445e+00,6.685042312075824000e-01,2.336012151083738993e-03,1.116279318178050417e+01,8.416264348551290020e-01,3.027008632592246683e-03,1.275297079160679559e+01,1.018640646290500662e+00,3.735770851915596030e-03,1.434297761075068500e+01,1.197185928521949494e+00,4.450782366861839000e-03,1.593292508256146078e+01,1.376258680879933083e+00
0.000000000000000000e+00,0.000000000000000000e+00,0.000000000000000000e+00,1.291169858404015733e-05,1.599687572841561156e+00,2.806958916825178646e-02,6.952510812644533387e-05,3.197829293565710440e+00,1.038354856636657803e-01,2.843932372529422536e-04,4.793904614302194389e+00,2.155386756335850584e-01,6.334863071219662585e-04,6.387900726880371138e+00,3.537921837080418297e-01,1.123160648151555648e-03,7.980217280114346501e+00,5.103618599674145662e-01,1.712958034216798767e-03,9.571281239779318994e+00,6.791887205830311469e-01,2.374318998813914217e-03,1.116156807181731025e+01,8.552186191754524991e-01,3.076367969956428101e-03,1.275140885416371717e+01,1.035232781745051289e+00,3.796513434955268475e-03,1.434107128901827188e+01,1.216818681667575008e+00,4.523001618483149695e-03,1.593067183508724582e+01,1.398945255287621148e+00
0.000000000000000000e+00,0.000000000000000000e+00,0.000000000000000000e+00,1.382719238055785106e-05,1.599678495248629817e+00,2.846941262060058084e-02,7.177094085650647238e-05,3.197764974299275309e+00,1.053513399070642037e-01,2.905279250646761245e-04,4.793718985208202277e+00,2.187638431383746307e-01,6.452335831480834720e-04,6.387523443841639725e+00,3.592012791800095473e-01,1.142873752855081857e-03,7.979587413434113152e+00,5.183167514638082896e-01,1.742245183901975150e-03,9.570350553830165197e+00,6.899531472035291824e-01,2.414572251607526726e-03,1.116030421947303530e+01,8.689670154495441334e-01,3.128400274110674194e-03,1.274979220055280571e+01,1.052069901051749579e+00,3.860724551830131777e-03,1.433909331590064085e+01,1.236791386820479177e+00,4.599517989527902341e-03,1.592832964494025383e+01,1.422069118837587576e+00
0.000000000000000000e+00,0.000000000000000000e+00,0.000000000000000000e+00,1.483590553743166470e-05,1.599669586182893788e+00,2.885729936199444776e-02,7.434507958898378048e-05,3.197701282393079936e+00,1.068308249655988557e-01,2.972731902316057208e-04,4.793533679526407631e+00,2.219314261387922149e-01,6.579751304553522378e-04,6.387144144500958909e+00,3.645452476601609426e-01,1.164098711373641112e-03,7.978950153903864084e+00,5.262190923967988709e-01,1.773680217729977195e-03,9.569403996085307895e+00,7.006966293395295864e-01,2.457733586658821488e-03,1.115901338477090299e+01,8.827421132116036739e-01,3.184186102722961088e-03,1.274813555336912074e+01,1.068992948454098757e+00,3.929586473361394890e-03,1.433706131089131830e+01,1.256915787628709147e+00,4.681590227552360865e-03,1.592591902174278395e+01,1.445412722244225900e+00
0.000000000000000000e+00,0.000000000000000000e+00,0.000000000000000000e+00,1.607527927795552279e-05,1.599660892862251771e+00,2.922860571325798518e-02,7.749716116778814726e-05,3.197638808380564246e+00,1.082583996248339397e-01,3.047463708253352272e-04,4.793350367521334476e+00,2.250113332569839142e-01,6.713683513564319997e-04,6.386766270011079882e+00,3.697743395295042257e-01,1.185724743406928877e-03,7.978311457901273052e+00,5.339937273379905536e-01,1.805156670042605636e-03,9.568450513384549438e+00,7.113153162872366542e-01,2.500561375915668055e-03,1.115770769189742495e+01,8.964101357971572259e-01,3.239262922369554130e-03,1.274645438512696316e+01,1.085836872557437882e+00,3.997376435792512721e-03,1.433499422136582524e+01,1.276994474295920723e+00,4.762229122268970757e-03,1.592346239156416665e+01,1.468746300569239382e+00
0.000000000000000000e+00,0.000000000000000000e+00,0.000000000000000000e+00,1.718797441143144221e-05,1.599652510013023665e+00,2.958012951891411321e-02,8.008897251181235544e-05,3.197578234019020194e+00,1.096209991072486511e-01,3.107179303170633082e-04,4.793171066689473570e+00,2.279740988944787827e-01,6.818956936919563783e-04,6.386393913224829966e+00,3.748378295210141320e-01,1.202800140634184599e-03,7.977678059259690535e+00,5.415652946617265373e-01,1.830179628822898186e-03,9.567500012306471291e+00,7.217056672332521350e-01,2.534939213285434829e-03,1.115640066776123973e+01,9.098360334257342696e-01,3.283859131122874794e-03,1.274476606925706967e+01,1.102433440168294254e+00,4.052663964646621882e-03,1.433291335303719727e+01,1.296825346510732446e+00,4.828354777765130057e-03,1.592098508121159561e+01,1.491833157669043119e+00
0.000000000000000000e+00,0.000000000000000000e+00,0.000000000000000000e+00,1.792937684685835936e-05,1.599644582516452918e+00,2.990929824080788488e-02,8.129135251696045143e-05,3.197520324369886424e+00,1.109071395082111416e-01,3.135191719779676788e-04,4.792997946589394154e+00,2.307925446767158384e-01,6.869362173671635183e-04,6.386031461506087581e+00,3.796875519635187213e-01,1.211747977694611900e-03,7.977057263980787738e+00,5.488603443886880262e-01,1.844271182855660276e-03,9.566563274967352370e+00,7.317655897173935831e-01,2.555533547888557463e-03,1.115510697963127384e+01,9.228863717475124240e-01,3.311807321791831842e-03,1.274308948527576391e+01,1.118615498342614867e+00,4.088455656546615205e-03,1.433084194107392761e+01,1.316206377703118546e+00,4.872156623639814152e-03,1.591851464714233444e+01,1.514436615543693021e+00
0.000000000000000000e+00,0.000000000000000000e+00,0.000000000000000000e+00,1.855198135909588353e-05,1.599637124848958925e+00,3.021271611632739273e-02,8.188990631749097420e-05,3.197465560024286724e+00,1.121050065752472735e-01,3.145738836456884796e-04,4.792832600361365714e+00,2.334419496417610429e-01,6.885054661434450874e-04,6.385682534591709647e+00,3.842795713549052028e-01,1.215031639645765271e-03,7.976455660190316266e+00,5.558095434466846507e-01,1.850197132276020905e-03,9.565650569671468872e+00,7.413961978881308257e-01,2.565313642219680702e-03,1.115384099475041779e+01,9.354304249437175311e-01,3.326230953083301849e-03,1.274144332993884987e+01,1.134219304982607923e+00,4.108007161541896504e-03,1.432880317441425788e+01,1.334939814127634961e+00,4.897011797474615583e-03,1.591607892339649766e+01,1.536323850866071705e+00
0.000000000000000000e+00,0.000000000000000000e+00,0.000000000000000000e+00,1.914817585774401668e-05,1.599630248907615293e+00,3.048871476214462181e-02,8.236922776417496251e-05,3.197414613635610525e+00,1.132053849268879336e-01,3.151007271499479089e-04,4.792677085560232975e+00,2.358986135865828171e-01,6.888959222534222007e-04,6.385351379618231071e+00,3.885712282531429973e-01,1.216258272129758624e-03,7.975880443002340670e+00,5.623472083410097078e-01,1.853024463497016149e-03,9.564772822707558575e+00,7.505041790320120532e-01,2.570859427926755220e-03,1.115261799013370414e+01,9.473434299815799431e-01,3.335232888916667311e-03,1.273984755654081269e+01,1.149086748362120769e+00,4.120937951130877047e-03,1.432682171569196861e+01,1.352834159539610948e+00,4.914042208500954759e-03,1.591370720251292958e+01,1.557270646349574461e+00
0.000000000000000000e+00,0.000000000000000000e+00,0.000000000000000000e+00,1.981036311396690549e-05,1.599624059198323955e+00,3.073484301932132012e-02,8.312811074556597794e-05,3.197368085558216499e+00,1.141992173150104539e-01,3.160268891961745498e-04,4.792533173403508151e+00,2.381420372629007021e-01,6.897597188775410120e-04,6.385041912445644563e+00,3.925241299023693453e-01,1.217954100496760911e-03,7.975338591490025664e+00,5.684117497475582592e-01,1.856274689228936499e-03,9.563940730008184232e+00,7.590016523466219800e-01,2.576754898553273998e-03,1.115145287938861074e+01,9.585086607855268781e-01,3.344489353987555817e-03,1.273832172634752524e+01,1.163069722153957430e+00,4.134019659282847127e-03,1.432492205769843174e+01,1.369708036684038177e+00,4.931111160194762144e-03,1.591142904841115779e+01,1.577061350121175431e+00
0.000000000000000000e+00,0.000000000000000000e+00,0.000000000000000000e+00,2.050351066350356924e-05,1.599618535299190736e+00,3.094951457806554770e-02,8.408536527862985890e-05,3.197326320261313359e+00,1.150788428085963572e-01,3.172539592478801633e-04,4.792402256274578498e+00,2.401535434986306061e-01,6.910364703570191910e-04,6.384757351357826849e+00,3.961044820755330043e-01,1.220141126485905841e-03,7.974836041346016202e+00,5.739493917925172495e-01,1.860102149818942605e-03,9.563163832174334189e+00,7.668100112844701277e-01,2.583344847741924841e-03,1.115035941229054117e+01,9.688196163439114494e-01,3.354595320845395971e-03,1.273688415389777262e+01,1.176032188945612011e+00,4.148127783711335996e-03,1.432312730778934551e+01,1.385394653616311755e+00,4.949395049808779160e-03,1.590927247175262949e+01,1.595497822019776857e+00
0.000000000000000000e+00,0.000000000000000000e+00,0.000000000000000000e+00,2.100992406403278976e-05,1.599613815013439133e+00,3.113141433055013202e-02,8.460252718789450894e-05,3.197289898873367786e+00,1.158383773499085667e-01,3.176682109161230085e-04,4.792285968539629515e+00,2.419182520818550508e-01,6.912158681882695551e-04,6.384501191517069962e+00,3.992836610512170425e-01,1.221068201919402055e-03,7.974378925470640311e+00,5.789138712853381108e-01,1.862679393656323582e-03,9.562451632353345943e+00,7.738617525046874723e-01,2.588820074763396352e-03,1.114935118099666589e+01,9.781835285593130092e-01,3.363810565385360989e-03,1.273555297473754244e+01,1.187853644994187219e+00,4.161620569338969622e-03,1.432146018813514488e+01,1.399745842160305953e+00,4.967360465038104037e-03,1.590726470424477235e+01,1.612404877310647189e+00
0.000000000000000000e+00,0.000000000000000000e+00,0.000000000000000000e+00,2.144318285756922638e-05,1.599609902047540722e+00,3.127977666216631009e-02,8.500693314624069015e-05,3.197259067459862880e+00,1.164738906094222176e-01,3.177909054815741385e-04,4.792185315365809828e+00,2.434254694973971012e-01,6.908760467757669521e-04,6.384275958889028324e+00,4.020397019703378372e-01,1.221136443313501846e-03,7.973972193107355722e+00,5.832669287400059632e-01,1.863994930057969335e-03,9.561812250461828810e+00,7.800988165211412140e-01,2.592586761206786428e-03,1.114843990658348183e+01,9.865210311111823893e-01,3.370850798023405058e-03,1.273434386588675160e+01,1.198431886767733712e+00,4.172461479546290403e-03,1.431994072640364735e+01,1.412634133613789089e+00,4.982196627787368465e-03,1.590543037766615875e+01,1.627628102251821973e+00
0.000000000000000000e+00,0.000000000000000000e+00,0.000000000000000000e+00,2.188689333570050863e-05,1.599606778194812007e+00,3.139456664505971967e-02,8.544034281991084122e-05,3.197233974879705620e+00,1.169832776173889421e-01,3.176811762276409291e-04,4.792101116076252332e+00,2.446671323597323366e-01,6.898025851175761287e-04,6.384083792111332478e+00,4.043550616559079547e-01,1.219695903511482668e-03,7.973619979546108461e+00,5.869784165098121953e-01,1.862843287189630895e-03,9.561252524115639417e+00,7.854751363601268910e-01,2.592796206872380414e-03,1.114763578947109934e+01,9.937667940000505240e-01,3.373172455665018974e-03,1.273327079151229491e+01,1.207680496394777148e+00,4.177393358583611320e-03,1.431858670840551717e+01,1.423952183121154791e+00,4.989921611292507525e-03,1.590379104893615470e+01,1.641039835363802935e+00
0.000000000000000000e+00,0.000000000000000000e+00,0.000000000000000000e+00,2.206327942343550935e-05,1.599604549454398672e+00,3.147542111606042858e-02,8.507866700628081589e-05,3.197214954397489706e+00,1.173648970986191920e-01,3.158605458346952066e-04,4.792034243870915589e+00,2.456383975139256326e-01,6.858636270178123349e-04,6.383926662592012136e+00,4.062183853346467144e-01,1.213980279578021895e-03,7.973326045316697197e+00,5.900267536614270947e-01,1.855838713969990179e-03,9.560778638850958799e+00,7.899559133023434931e-01,2.585431704471083478e-03,1.114694794023700375e+01,9.998705418446937054e-01,3.366113826243115597e-03,1.273234610816897217e+01,1.215532330375528103e+00,4.171103978848360663e-03,1.431741388353045963e+01,1.433615301973188094e+00,4.984579072615420887e-03,1.590236591238686792e+01,1.652537539378970299e+00
0.000000000000000000e+00,0.000000000000000000e+00,0.000000000000000000e+00,2.197273339528239299e-05,1.599603125613910937e+00,3.152314895372002046e-02,8.384206031915699200e-05,3.197201871438922982e+00,1.176199425468306969e-01,3.120744809554387993e-04,4.791984794762150557e+00,2.463386956403149086e-01,6.785231221429938479e-04,6.383805323818307009e+00,4.076250156375049172e-01,1.203102009315072749e-03,7.973092390713926392e+00,5.924001639067759672e-01,1.841723100513665938e-03,9.560394425354465042e+00,7.935195711835685284e-01,2.568890490422741368e-03,1.114638242407580471e+01,1.004799379585501473e+00,3.347767233411813939e-03,1.273157844398004990e+01,1.221941817695906929e+00,4.151399762404034063e-03,1.431643374334139729e+01,1.441563621937161477e+00,4.963701471541863766e-03,1.590116948928644369e+01,1.662046106613741303e+00
0.000000000000000000e+00,0.000000000000000000e+00,0.000000000000000000e+00,2.166700140072648685e-05,1.599602513033418161e+00,3.153886699778426367e-02,8.194068649593104286e-05,3.197194679479897328e+00,1.177516589222157711e-01,3.068340431367975432e-04,4.791952813758546093e+00,2.467720428757596840e-01,6.687576156121466213e-04,6.383720262937607970e+00,4.085773662150093966e-01,1.188671386398762681e-03,7.972920311807397020e+00,5.940977734086511086e-01,1.822883561799932715e-03,9.560102398140962521e+00,7.961601538467950601e-01,2.546412179712498856e-03,1.114594351868101541e+01,1.008539339423841996e+00,3.322262877052955740e-03,1.273097420704500671e+01,1.226885130671220736e+00,4.123321419500004283e-03,1.431565484553586032e+01,1.447763722107199280e+00,4.933243622879693487e-03,1.590021241510174654e+01,1.669523175160635420e+00
0.000000000000000000e+00,0.000000000000000000e+00,0.000000000000000000e+00,2.123076373800256698e-05,1.599602721350013024e+00,3.152419191973993007e-02,7.986915534420083141e-05,3.197193274376250560e+00,1.177648861112957634e-01,3.014523370545334939e-04,4.791938034162869897e+00,2.469468492352289157e-01,6.590316679769349676e-04,6.383671157922190531e+00,4.090866262213481708e-01,1.174474343113588327e-03,7.972809878559111496e+00,5.951304699832189460e-01,1.804481779142516271e-03,9.559903511011343724e+00,7.978854171705038745e-01,2.524534881877401552e-03,1.114563328638299389e+01,1.011094313645159781e+00,3.297496167101511902e-03,1.273053671950761512e+01,1.230361848399209590e+00,4.096093673663000687e-03,1.431508200667895814e+01,1.452209479364201750e+00,4.903742355595587694e-03,1.589950115816248832e+01,1.674955861880675245e+00
0.000000000000000000e+00,0.000000000000000000e+00,0.000000000000000000e+00,2.094218812812650112e-05,1.599603603574870858e+00,3.148153982612473395e-02,7.845082297231229613e-05,3.197197117055174509e+00,1.176676212540326283e-01,2.974498206381354396e-04,4.791939427121143069e+00,2.468767192048872128e-01,6.516343824459081696e-04,6.383656605441283993e+00,4.091705055415816861e-01,1.163646439591158131e-03,7.972759466240390225e+00,5.955191498735348254e-01,1.790583670839039371e-03,9.559796133791673256e+00,7.987184265928964910e-01,2.508315369075145122e-03,1.114545049151270817e+01,1.012487263841507001e+00,3.279556859852870206e-03,1.273026543902749808e+01,1.232393272237634063e+00,4.076861112484009286e-03,1.431471542468610636e+01,1.454920582161063569e+00,4.883397224789963811e-03,1.589903664269571593e+01,1.678362562861085205e+00
0.000000000000000000e+00,0.000000000000000000e+00,0.000000000000000000e+00,2.060320600868042340e-05,1.599605165035838494e+00,3.141378796198495554e-02,7.717379398319063782e-05,3.197205927743132392e+00,1.174690579812076030e-01,2.940914028038403723e-04,4.791956165304052107e+00,2.465785653229442820e-01,6.457785905089081114e-04,6.383675059730030021e+00,4.088541353742049522e-01,1.155507611254614044e-03,7.972766906828228528e+00,5.952958795528386915e-01,1.780736083008120120e-03,9.559777693388971542e+00,7.986964995073470019e-01,2.497606244805493456e-03,1.114539232213138753e+01,1.012759759762006606e+00,3.268650767889503834e-03,1.273015747646376994e+01,1.233024276393767993e+00,4.066201456484187446e-03,1.431455228096477938e+01,1.455944247421440130e+00,4.873173991891003969e-03,1.589881615640259049e+01,1.679792558499608957e+00
0.000000000000000000e+00,0.000000000000000000e+00,0.000000000000000000e+00,2.011495513750921916e-05,1.599607317577209642e+00,3.132379154868107640e-02,7.567842948444378020e-05,3.197219155901261711e+00,1.171797782733868393e-01,2.906523364400503203e-04,4.791986812747142110e+00,2.460734659789202694e-01,6.403107042585697017e-04,6.383723944267480910e+00,4.081696090783137887e-01,1.148472250182962012e-03,7.972828429947325546e+00,5.945031565138318985e-01,1.772945608362560144e-03,9.559843298843601289e+00,7.978715267320226623e-01,2.490029324487447269e-03,1.114545292031489332e+01,1.011971892881097679e+00,3.262034983603261801e-03,1.273020610788237050e+01,1.232322514971843308e+00,4.061018293710262281e-03,1.431458507723262130e+01,1.455355135032583291e+00,4.869624106689704295e-03,1.589883153981980968e+01,1.679326778842320955e+00
0.000000000000000000e+00,0.000000000000000000e+00,0.000000000000000000e+00,1.960929188126571350e-05,1.599609904058182597e+00,3.121535894473037587e-02,7.423025025098322434e-05,3.197236059857704760e+00,1.168126043517051793e-01,2.874068662987593233e-04,4.792029588005750185e+00,2.453858222925396071e-01,6.352979295474597832e-04,6.383800037784347126e+00,4.071544286536832313e-01,1.142191041576690524e-03,7.972939123905083747e+00,5.931921987648604011e-01,1.766267726560738624e-03,9.559986247650552826e+00,7.963083281179037520e-01,2.483923422694071011e-03,1.114562387601821314e+01,1.010201071862274480e+00,3.257256612629302363e-03,1.273040136283903223e+01,1.230376813012609150e+00,4.058035228745386983e-03,1.431480229375623558e+01,1.453253433777807135e+00,4.868642675249219669e-03,1.589906961980833167e+01,1.677077564852537783e+00
0.000000000000000000e+00,0.000000000000000000e+00,0.000000000000000000e+00,1.898960433240913840e-05,1.599612931209114297e+00,3.109208529354466621e-02,7.256413772093447468e-05,3.197256189692848416e+00,1.163806104337048314e-01,2.839047874148370259e-04,4.792082985487178703e+00,2.445421378549734737e-01,6.300604353234137050e-04,6.383900230919315355e+00,4.058507973429769100e-01,1.135654090424380270e-03,7.973093942746553253e+00,5.914215157857167782e-01,1.759223333831994897e-03,9.560199375694120150e+00,7.940816531038986659e-01,2.477208496241783183e-03,1.114589575301155833e+01,1.007538564040198814e+00,3.251534937442443051e-03,1.273073141104524097e+01,1.227295325463557019e+00,4.053714296912106808e-03,1.431518978404706210e+01,1.449763371862984984e+00,4.865904930520449645e-03,1.589951410218949945e+01,1.673183881216985913e+00
0.000000000000000000e+00,0.000000000000000000e+00,0.000000000000000000e+00,1.830179187859845018e-05,1.599616234799852599e+00,3.095736420745657733e-02,7.067290825713496490e-05,3.197278752590231754e+00,1.158967340100365423e-01,2.799233144586969931e-04,4.792144931140873254e+00,2.435695491008774693e-01,6.239939355615053149e-04,6.384020556118195522e+00,4.043027932937822144e-01,1.127783182118486131e-03,7.973286524138345044e+00,5.892539760672987903e-01,1.750215853190400985e-03,9.560473534327732281e+00,7.912744942087448496e-01,2.467743858497265137e-03,1.114625645981594637e+01,1.004087595731252280e+00,3.242166975522665136e-03,1.273118118831329681e+01,1.223201166869908540e+00,4.044783534464509688e-03,1.431572940169203889e+01,1.445028546163630301e+00,4.857573873216055466e-03,1.590014360110855129e+01,1.667810904840165476e+00
0.000000000000000000e+00,0.000000000000000000e+00,0.000000000000000000e+00,1.757506006112598805e-05,1.599619751775044563e+00,3.081384887631417879e-02,6.861718531673032851e-05,3.197303238208669907e+00,1.153714001218713592e-01,2.755264543335434477e-04,4.792213802256345190e+00,2.424914849321254673e-01,6.170845689109331770e-04,6.384157445776341255e+00,4.025518757256522084e-01,1.118382939805371342e-03,7.973510635871742025e+00,5.867524820167328015e-01,1.738765127897949582e-03,9.560799348124545460e+00,7.879727741012949593e-01,2.454711235107054097e-03,1.114669314956663548e+01,9.999581411366171846e-01,3.227982278662268941e-03,1.273173413492619410e+01,1.218229258057115016e+00,4.029718279889207139e-03,1.431640082998391961e+01,1.439208763388599710e+00,4.841769085020521980e-03,1.590093412198005751e+01,1.661142640482573984e+00
0.000000000000000000e+00,0.000000000000000000e+00,0.000000000000000000e+00,1.679748748600445648e-05,1.599623511304078427e+00,3.066263404308374255e-02,6.641602976644361877e-05,3.197329416677631819e+00,1.148111392924688196e-01,2.708360032400163758e-04,4.792288442266750437e+00,2.413259765774062038e-01,6.096532805728077566e-04,6.384307999746917872e+00,4.006327414839034318e-01,1.108066185478202891e-03,7.973760760761026134e+00,5.839732119860677750e-01,1.725825726872791616e-03,9.561167863176349258e+00,7.842582825151780401e-01,2.439398948656737974e-03,1.114719287307114293e+01,9.952600897467583918e-01,3.210558391679830138e-03,1.273237304031049000e+01,1.212518411159080101e+00,4.010346723168957579e-03,1.431718251514270612e+01,1.432471802928791949e+00,4.820549770533706646e-03,1.590185972032271167e+01,1.653375926850602085e+00
0.000000000000000000e+00,0.000000000000000000e+00,0.000000000000000000e+00,1.618050047313792221e-05,1.599627380128015197e+00,3.050475262979845600e-02,6.469415447204167205e-05,3.197356833727068803e+00,1.142206242082148410e-01,2.669399784412922888e-04,4.792367605081399695e+00,2.400855865994698246e-01,6.031830932867064590e-04,6.384469354880521585e+00,3.985720079619735068e-01,1.098595014071003647e-03,7.974031423073382641e+00,5.809632339716702676e-01,1.713312115988591166e-03,9.561570089961939800e+00,7.802035676392099495e-01,2.423799333071471364e-03,1.114774242871891907e+01,9.900951711826884161e-01,3.191923352769206364e-03,1.273308000825823072e+01,1.206202054734657469e+00,3.988715223182952470e-03,1.431805159202049182e+01,1.424984356451431733e+00,4.795964241622824829e-03,1.590289245651798744e+01,1.644711398979217476e+00
0.000000000000000000e+00,0.000000000000000000e+00,0.000000000000000000e+00,1.569713753436471462e-05,1.599631418671881855e+00,3.034014992735824257e-02,6.335975034133869163e-05,3.197385477012287147e+00,1.136019596867509224e-01,2.636293728161881109e-04,4.792450752887687848e+00,2.387791030840826223e-01,5.972994250961586064e-04,6.384639763197660578e+00,3.963901301060681615e-01,1.089386616052005546e-03,7.974318766477070497e+00,5.777604661508931594e-01,1.700397088044895786e-03,9.561999068423308046e+00,7.758699640196394798e-01,2.406821407335852942e-03,1.114833079205713418e+01,9.845538073625420550e-01,3.170713627102611076e-03,1.273383919768439476e+01,1.199404056579158384e+00,3.963189960591643329e-03,1.431898703758192326e+01,1.416905780926182912e+00,4.766117029834297629e-03,1.590400603809855440e+01,1.635344256151489484e+00
0.000000000000000000e+00,0.000000000000000000e+00,0.000000000000000000e+00,1.509284652703113995e-05,1.599635620891909804e+00,3.016891240620823977e-02,6.161101196549219924e-05,3.197415248492132989e+00,1.129566037623543767e-01,2.594202863871958656e-04,4.792537369578924178e+00,2.374126121145370694e-01,5.898689893922465276e-04,6.384817667588055912e+00,3.941027730941888962e-01,1.077821411790809425e-03,7.974619333189290060e+00,5.743960767842909432e-01,1.684182694962831420e-03,9.562448440990300114e+00,7.713105007998831697e-01,2.385482686750364876e-03,1.114894776964246148e+01,9.787166607989112865e-01,3.143995240977258670e-03,1.273463591672669004e+01,1.192236616049813236e+00,3.930959956046940762e-03,1.431996921754083552e+01,1.408382563454054326e+00,4.728348685151858265e-03,1.590517563509863663e+01,1.625456913197732556e+00
0.000000000000000000e+00,0.000000000000000000e+00,0.000000000000000000e+00,1.443274937737791367e-05,1.599639904002591262e+00,2.999108631285955437e-02,5.964140553218522551e-05,3.197445904303403363e+00,1.122858531883830779e-01,2.546408552696894766e-04,4.792626769687832855e+00,2.359914819904296301e-01,5.813284813194167112e-04,6.385001377838040781e+00,3.917239780560466400e-01,1.064416594546275813e-03,7.974929601357896303e+00,5.708987363718101005e-01,1.665253816672057239e-03,9.562912042187235784e+00,7.665736246940324516e-01,2.360459743451886073e-03,1.114958382702069706e+01,9.726564347039265979e-01,3.112578849459480580e-03,1.273545664238707964e+01,1.184800579308973534e+00,3.893002780756911387e-03,1.432098032957479816e+01,1.399545542642266938e+00,4.683822680969762162e-03,1.590637915127949853e+01,1.615210263162888182e+00
0.000000000000000000e+00,0.000000000000000000e+00,0.000000000000000000e+00,1.382872014106145515e-05,1.599644354368952914e+00,2.980667938896911645e-02,5.786808372723159819e-05,3.197477512189614846e+00,1.115914284101899717e-01,2.502116570162527301e-04,4.792718647124436515e+00,2.345228093867799402e-01,5.732873520521273745e-04,6.385189716334614296e+00,3.892699221991567371e-01,1.051623611570789247e-03,7.975246959193858842e+00,5.672972968833746021e-01,1.647010242415077562e-03,9.563385138326816914e+00,7.617051831391157268e-01,2.336163080479434790e-03,1.115023148233460937e+01,9.664398115371992670e-01,3.081900764143137919e-03,1.273629081881700209e+01,1.177185173415542296e+00,3.855781511482026837e-03,1.432200656148186368e+01,1.390507441097919905e+00,4.640023563290892293e-03,1.590759935727971097e+01,1.604741473837471455e+00
0.000000000000000000e+00,0.000000000000000000e+00,0.000000000000000000e+00,1.336871469915831603e-05,1.599648883486083584e+00,2.961706319335257603e-02,5.668507197166441740e-05,3.197509726160544741e+00,1.108782649818584876e-01,2.470449446093614626e-04,4.792812142084515337e+00,2.330170358114181661e-01,5.673488930544249697e-04,6.385380894426294418e+00,3.867595507653804887e-01,1.041852408350425752e-03,7.975568172245031562e+00,5.636226945212622352e-01,1.632733386739420364e-03,9.563862697436427140e+00,7.567499887663993174e-01,2.316778377316345942e-03,1.115088368843289324e+01,9.601265485758448959e-01,3.057068936269613513e-03,1.273712912390918106e+01,1.169466719692135559e+00,3.825326136268092283e-03,1.432303618396447575e+01,1.381362028697798783e+00,4.603887270570658843e-03,1.590882214671486494e+01,1.594161556738382446e+00
0.000000000000000000e+00,0.000000000000000000e+00,0.000000000000000000e+00,1.314385536027873347e-05,1.599653429627696299e+00,2.942384747302585757e-02,5.629206660050147665e-05,3.197542195404999177e+00,1.101528576992115843e-01,2.454345104665549260e-04,4.792906268818528659e+00,2.314883894111192386e-01,5.638504182983332174e-04,6.385573007929945533e+00,3.842161288284097198e-01,1.035435261790743945e-03,7.975890263213790909e+00,5.599074779911648037e-01,1.622712065472313231e-03,9.564340468313002219e+00,7.517508041381089079e-01,2.302534732626242402e-03,1.115153474358286800e+01,9.537705761747459210e-01,3.038247251956121761e-03,1.273796439728732111e+01,1.161710136032284124e+00,3.801744376814674212e-03,1.432406058570322749e+01,1.372185068919019146e+00,4.575487152748307536e-03,1.591003739182214716e+01,1.583557580498744954e+00
0.000000000000000000e+00,0.000000000000000000e+00,0.000000000000000000e+00,1.289578961394598309e-05,1.599658024049495531e+00,2.922939003561209406e-02,5.588599954104787583e-05,3.197574721686170740e+00,1.094234344263853853e-01,2.438840456521835967e-04,4.793000303461962375e+00,2.299528654668634153e-01,5.605801439324196696e-04,6.385764549764840758e+00,3.816644013156209603e-01,1.029526531486314820e-03,7.976210787720788176e+00,5.561853559586583673e-01,1.613592971708814388e-03,9.564815082153055315e+00,7.467494185997989309e-01,2.289684892536914332e-03,1.115218045490087029e+01,9.474205570419770295e-01,3.021378902716701214e-03,1.273879164213760973e+01,1.153970585531280069e+00,3.780704615151704931e-03,1.432507398944121491e+01,1.363037921769199468e+00,4.550218901690184295e-03,1.591123858633943122e+01,1.572996618654223022e+00
0.000000000000000000e+00,0.000000000000000000e+00,0.000000000000000000e+00,1.260030694785531119e-05,1.599662517228747971e+00,2.903619295733128255e-02,5.531493949750102847e-05,3.197606750218612959e+00,1.086985577448323637e-01,2.420087885368265104e-04,4.793093013601589902e+00,2.284268455465769954e-01,5.567862449864872379e-04,6.385953411533912494e+00,3.791291499422245748e-01,1.022862020638501575e-03,7.976526733961774696e+00,5.524888178012079543e-01,1.603448624054965846e-03,9.565282722347589583e+00,7.417847070941987475e-01,2.275511173801249894e-03,1.115281639114042989e+01,9.411200770546250816e-01,3.002869350739100548e-03,1.273960601936867931e+01,1.146294794189106403e+00,3.757704038038047270e-03,1.432607126029830091e+01,1.353969693917959294e+00,4.522677479218780230e-03,1.591242031665107959e+01,1.562530129952356184e+00
0.000000000000000000e+00,0.000000000000000000e+00,0.000000000000000000e+00,1.239016313301320478e-05,1.599666912310993894e+00,2.884615262835384802e-02,5.489639816705783448e-05,3.197638059701736868e+00,1.079854489595018507e-01,2.402360651967293714e-04,4.793183669331215313e+00,2.269250576585557511e-01,5.528484755042192139e-04,6.386138211063938641e+00,3.766326127773192978e-01,1.015606734884402524e-03,7.976836099844567762e+00,5.488463510024957914e-01,1.592090367098508491e-03,9.565740869134293334e+00,7.368900220298333359e-01,2.259376228243173499e-03,1.115343967419719817e+01,9.349058242784884509e-01,2.981572081877091086e-03,1.274040446912871616e+01,1.138721300198842101e+00,3.731047958122101979e-03,1.432704930908286656e+01,1.345019546745133132e+00,4.490594371474298033e-03,1.591357953205449505e+01,1.552197334395836625e+00
0.000000000000000000e+00,0.000000000000000000e+00,0.000000000000000000e+00,1.217583493147416241e-05,1.599671200230947221e+00,2.866125291778594958e-02,5.439926230983888766e-05,3.197668465385646641e+00,1.072903486404731127e-01,2.382052466051587521e-04,4.793271766388000898e+00,2.254586860467568399e-01,5.483027721443366111e-04,6.386317974079037896e+00,3.741915777204924409e-01,1.007211302017658322e-03,7.977137385969086836e+00,5.452801769815212030e-01,1.578870481333128750e-03,9.566187618355971978e+00,7.320915425420505551e-01,2.240498421869079222e-03,1.115404818376483043e+01,9.288061905861554335e-01,2.956535026635729365e-03,1.274118475666259798e+01,1.131279820180014273e+00,3.699593184274027613e-03,1.432800582607382545e+01,1.336218161421642625e+00,4.452624800154402450e-03,1.591471387885141375e+01,1.542029595920910268e+00
0.000000000000000000e+00,0.000000000000000000e+00,0.000000000000000000e+00,1.195683975606492447e-05,1.599675274466250796e+00,2.848241570640334952e-02,5.376570584064425842e-05,3.197697644172187381e+00,1.066170281044675344e-01,2.357639697740541366e-04,4.793356620571795901e+00,2.240356775476430029e-01,5.428841868333110715e-04,6.386491620092610511e+00,3.718178845006791522e-01,9.972921630986943727e-04,7.977429159268488945e+00,5.418052465602729573e-01,1.563297540493523586e-03,9.566621174846643427e+00,7.274072522929030393e-01,2.218294331530398181e-03,1.115463978265215950e+01,9.228419625598701659e-01,2.927101603062192293e-03,1.274194450237837550e+01,1.123993163225019964e+00,3.662626949084714020e-03,1.432893824465826604e+01,1.327589999763009398e+00,4.408021529870165788e-03,1.591582057420414564e+01,1.532053340889388604e+00
0.000000000000000000e+00,0.000000000000000000e+00,0.000000000000000000e+00,1.169221893276985820e-05,1.599679210347076275e+00,2.831024261271834069e-02,5.292631043525022026e-05,3.197725702728011932e+00,1.059674291660620132e-01,2.328656562518950169e-04,4.793438320067362923e+00,2.226597018952058415e-01,5.366504599661547437e-04,6.386659123512682612e+00,3.695176720526145986e-01,9.861443074086345684e-04,7.977711193213196772e+00,5.384306633688953347e-01,1.546053241636531021e-03,9.567041103398736368e+00,7.228489729483120740e-01,2.193971803267281973e-03,1.115521379136587043e+01,9.170277263879309526e-01,2.895106690225445097e-03,1.274268267750871431e+01,1.116879318877758376e+00,3.622652767896491696e-03,1.432984516836813604e+01,1.319156452642912036e+00,4.359956073616147801e-03,1.591689792357702871e+01,1.522292707545609636e+00
0.000000000000000000e+00,0.000000000000000000e+00,0.000000000000000000e+00,1.143391464783958774e-05,1.599682980002667509e+00,2.814473639967859930e-02,5.212911166960822748e-05,3.197752596039844519e+00,1.053416257052886412e-01,2.301680438886042810e-04,4.793516790647292858e+00,2.213312879767951880e-01,5.308946163965862957e-04,6.386820335613473176e+00,3.672925146604986146e-01,9.758426624691543885e-04,7.977983171863970213e+00,5.351599022330578714e-01,1.530065039218053008e-03,9.567446773214379974e+00,7.184232620359761734e-01,2.171315723913164707e-03,1.115576917506458976e+01,9.113737435752403693e-01,2.865176377620958902e-03,1.274339783631542566e+01,1.109952226491675020e+00,3.585135700059105448e-03,1.433072466235693732e+01,1.310935722037358975e+00,4.314746576598228744e-03,1.591794337472021681e+01,1.512771162108924816e+00
0.000000000000000000e+00,0.000000000000000000e+00,0.000000000000000000e+00,1.135029679983055511e-05,1.599686553380372356e+00,2.798527601079857374e-02,5.195184588972195358e-05,3.197778307764966854e+00,1.047381332943918275e-01,2.287991628295631358e-04,4.793592032320557195e+00,2.200485663282976401e-01,5.273546507238066052e-04,6.386975241983861018e+00,3.651407660007369715e-01,9.687731686658124664e-04,7.978244970052391416e+00,5.319925580716216018e-01,1.518402718212468090e-03,9.567837826516917943e+00,7.141320024898900609e-01,2.154128164443349508e-03,1.115630517719796266e+01,9.058855034166395370e-01,2.841879183977798987e-03,1.274408866226551496e+01,1.103222225251194955e+00,3.555413599339475508e-03,1.433157484628998901e+01,1.302943038169697587e+00,4.278477979370616871e-03,1.591895458568985156e+01,1.503508073666204314e+00
0.000000000000000000e+00,0.000000000000000000e+00,0.000000000000000000e+00,1.143092846162807145e-05,1.599690031229648701e+00,2.783135328320391136e-02,5.233657764030205434e-05,3.197803114242162348e+00,1.041548991764870979e-01,2.286374859999999417e-04,4.793664547147197474e+00,2.188078666797632910e-01,5.258612416283914206e-04,6.387124506137737079e+00,3.630582993630311894e-01,9.647368352975403379e-04,7.978497286520085829e+00,5.289253810196983263e-01,1.510850876434838763e-03,9.568214839134602911e+00,7.099741371061282225e-01,2.142178864230141234e-03,1.115682209411255243e+01,9.005653006427409846e-01,2.824970579413267364e-03,1.274475506712426842e+01,1.096695639606526163e+00,3.533236478432418611e-03,1.433239512585125297e+01,1.295189564486419087e+00,4.250909458603365984e-03,1.591993032580696799e+01,1.494520330420211707e+00
0.000000000000000000e+00,0.000000000000000000e+00,0.000000000000000000e+00,1.146998183372113160e-05,1.599693359666524373e+00,2.768210473587523132e-02,5.264806404208249738e-05,3.197826969820727339e+00,1.035896752222642964e-01,2.284719113408476780e-04,4.793734339559926561e+00,2.176056651434331579e-01,5.245525340435019815e-04,6.387268210503667554e+00,3.610404968653412316e-01,9.611962655189706245e-04,7.978740185708018018e+00,5.259539094317091656e-01,1.504197344975667259e-03,9.568577707700754331e+00,7.059468339322816366e-01,2.131595034548573221e-03,1.115731953436618440e+01,8.954130041038169674e-01,2.809932344220352103e-03,1.274539626249194946e+01,1.090375974061262632e+00,3.513454632762597583e-03,1.433318425721832767e+01,1.287682992081996991e+00,4.226270199661591800e-03,1.592086891333257270e+01,1.485819770795181238e+00
0.000000000000000000e+00,0.000000000000000000e+00,0.000000000000000000e+00,1.145698630878994933e-05,1.599696558752919495e+00,2.753708355415446576e-02,5.273147563872033187e-05,3.197849981370857186e+00,1.030406329124516074e-01,2.277969538827836593e-04,4.793801646808247163e+00,2.164387429003436780e-01,5.223681532117599533e-04,6.387406686393744870e+00,3.590836249316926576e-01,9.563978381214863819e-04,7.978974071203475127e+00,5.230743443741731058e-01,1.495926572974505802e-03,9.568926853421006129e+00,7.020468455143296094e-01,2.119085517210834210e-03,1.115779778270119671e+01,8.904272753529018924e-01,2.792704117054610816e-03,1.274601229029645211e+01,1.084264661726675794e+00,3.491241777945643197e-03,1.433394203442323089e+01,1.280427542403676622e+00,4.198965970348783779e-03,1.592176990031120454e+01,1.477413329264069208e+00
0.000000000000000000e+00,0.000000000000000000e+00,0.000000000000000000e+00,1.139550199426131117e-05,1.599699702330006135e+00,2.739583034092271663e-02,5.258448882809652785e-05,3.197872328998858205e+00,1.025065822870484533e-01,2.265810285024447124e-04,4.793866795570781214e+00,2.153049871304313634e-01,5.192035909429223994e-04,6.387540448427366790e+00,3.571844945892633794e-01,9.500758674856310581e-04,7.979199572413541830e+00,5.202833526726585722e-01,1.485494469507401671e-03,9.569262934231380413e+00,6.982715384372496503e-01,2.103714464270824494e-03,1.115825754302105288e+01,8.856060355911037352e-01,2.771876781799204742e-03,1.274660389373684843e+01,1.078360216747983102e+00,3.464687370073261247e-03,1.433466913598382142e+01,1.273423126261904237e+00,4.166585732344937724e-03,1.592263381514430165e+01,1.469302942052827632e+00
0.000000000000000000e+00,0.000000000000000000e+00,0.000000000000000000e+00,1.128831936782223483e-05,1.599702698949897028e+00,2.725826723817166217e-02,5.226113945064931075e-05,3.197893861555667350e+00,1.019869486942060061e-01,2.249612717503888506e-04,4.793929607729987552e+00,2.142032464744451914e-01,5.152953242070393942e-04,6.387669304314255392e+00,3.553416059826151052e-01,9.425861740094060911e-04,7.979416559884095150e+00,5.175786413361092020e-01,1.473405326811567939e-03,9.569585949172761730e+00,6.946175445351349120e-01,2.086164305330302868e-03,1.115869889768328171e+01,8.809454871537504284e-01,2.748326410341366075e-03,1.274717121483505444e+01,1.072658799017498499e+00,3.434853405014166167e-03,1.433536585383719952e+01,1.266665273591402574e+00,4.130357842127370741e-03,1.592346119519146619e+01,1.461482863234910612e+00
0.000000000000000000e+00,0.000000000000000000e+00,0.000000000000000000e+00,1.123213850134580735e-05,1.599705617142558989e+00,2.712435565030771323e-02,5.200336740145231626e-05,3.197914715565035593e+00,1.014817970471260239e-01,2.233503627245304326e-04,4.793990305733105473e+00,2.131335350957845598e-01,5.112465568849494267e-04,6.387793624611120435e+00,3.535543373121436961e-01,9.347356398844864495e-04,7.979625587827643862e+00,5.149587591582808210e-01,1.460676394319078636e-03,9.569896667842824556e+00,6.910824235940961069e-01,2.067666144136991093e-03,1.115912292333764100e+01,8.764414930468845677e-01,2.723504963658345684e-03,1.274771570730659498e+01,1.067154033596122931e+00,3.403425770311374002e-03,1.433603398700885201e+01,1.260145613899579020e+00,4.092218389392764458e-03,1.592425411851391637e+01,1.453943207109427371e+00
0.000000000000000000e+00,0.000000000000000000e+00,0.000000000000000000e+00,1.110698381766182303e-05,1.599708456485649188e+00,2.699442906494145880e-02,5.158015245661867699e-05,3.197934884542479317e+00,1.009918527796423715e-01,2.215257281776313698e-04,4.794048902324187900e+00,2.120966397893104260e-01,5.070026642106602094e-04,6.387913473714734280e+00,3.518233030928993310e-01,9.267924444481889313e-04,7.979826849066205874e+00,5.124235524535976083e-01,1.448031025311284983e-03,9.570195529100303133e+00,6.876643692914424788e-01,2.049490449298197771e-03,1.115953040669045038e+01,8.720898822406990547e-01,2.699289406885241761e-03,1.274823856201706995e+01,1.061839033804872434e+00,3.372913233355910936e-03,1.433667517221917898e+01,1.253854253289877319e+00,4.055315173457271424e-03,1.592501470547788323e+01,1.446670780456130068e+00
0.000000000000000000e+00,0.000000000000000000e+00,0.000000000000000000e+00,1.100638280987481053e-05,1.599711141773106027e+00,2.686874039307302411e-02,5.126308531210695460e-05,3.197954199647965901e+00,1.005180406766569973e-01,2.200173325155755982e-04,4.794105131618109361e+00,2.110942107012469815e-01,5.034416279745702189e-04,6.388028552099386026e+00,3.501502100361353342e-01,9.200741865032488259e-04,7.980020142004870642e+00,5.099736545712598712e-01,1.437307709364875948e-03,9.570482550472179994e+00,6.843620982690202803e-01,2.034053626758750011e-03,1.115992166663882834e+01,8.678869834706142150e-01,2.678702251473106047e-03,1.274874049623760541e+01,1.056707125661064728e+00,3.346948333138609344e-03,1.433729062639777929e+01,1.247780825509855918e+00,4.023885185084460393e-03,1.592574471929611946e+01,1.439651253907075823e+00
0.000000000000000000e+00,0.000000000000000000e+00,0.000000000000000000e+00,1.104507425160308938e-05,1.599713760902911286e+00,2.674762113248970244e-02,5.144467404569326126e-05,3.197972817055760864e+00,1.000613452519418661e-01,2.195938155632363531e-04,4.794159232426139283e+00,2.101275716559481144e-01,5.017169145183293698e-04,6.388139227819118915e+00,3.485361646923216816e-01,9.160599778553227485e-04,7.980206007425875825e+00,5.076095594443997827e-01,1.430223501361244836e-03,9.570758531960711579e+00,6.811747382914954407e-01,2.023231110565839371e-03,1.116029792067256210e+01,8.638292065810594389e-01,2.663729322261760343e-03,1.274922323551468750e+01,1.051751239599414189e+00,3.327611992321641808e-03,1.433788255865365180e+01,1.241914921811933636e+00,4.000104635905079448e-03,1.592644681916967997e+01,1.432871061125599921e+00
0.000000000000000000e+00,0.000000000000000000e+00,0.000000000000000000e+00,1.113846096791295046e-05,1.599716258092030774e+00,2.663129414722356647e-02,5.184792798507003328e-05,3.197990629521089367e+00,9.962215650990870197e-02,2.197194640880018078e-04,4.794211064505044639e+00,2.091971321592237254e-01,5.010204324358175391e-04,6.388245352793536114e+00,3.469814772960564397e-01,9.136899427303747483e-04,7.980384397155748211e+00,5.053305692388340153e-01,1.425500024680907609e-03,9.571023649340723694e+00,6.780996549779271243e-01,2.015551678513341841e-03,1.116065960749531882e+01,8.599118304027528747e-01,2.652712649161391521e-03,1.274968752811975392e+01,1.046964318050278120e+00,3.313049479937429844e-03,1.433845212830709670e+01,1.236246405567978490e+00,3.981907696715367498e-03,1.592712263676821216e+01,1.426316554279621007e+00
0.000000000000000000e+00,0.000000000000000000e+00,0.000000000000000000e+00,1.122356622306449264e-05,1.599718618581735363e+00,2.651952347217218647e-02,5.219609914407584265e-05,3.198007614100264018e+00,9.920016139690768231e-02,2.197314043434144915e-04,4.794260614300176471e+00,2.083024539416706011e-01,5.001312673147686409e-04,6.388347004892779957e+00,3.454847794594975152e-01,9.110412469474237938e-04,7.980555521599238311e+00,5.031341654592612622e-01,1.420400627193864600e-03,9.571278259388833476e+00,6.751332161509047136e-01,2.007388734914554267e-03,1.116100731575293459e+01,8.561294729477628707e-01,2.641098380899010827e-03,1.275013426255897997e+01,1.042338743205959650e+00,3.297775600335071770e-03,1.433900051328411607e+01,1.230765568373648255e+00,3.962889834979502895e-03,1.592777363021999193e+01,1.419976059583599515e+00
0.000000000000000000e+00,0.000000000000000000e+00,0.000000000000000000e+00,1.121629501241966564e-05,1.599720923602922840e+00,2.641232716595435029e-02,5.218131968681527608e-05,3.198023972645277713e+00,9.879461992699281603e-02,2.189547700878509548e-04,4.794308261118516157e+00,2.074414883030381296e-01,4.978818863338012064e-04,6.388444724367766447e+00,3.440432266208843792e-01,9.063612085479471996e-04,7.980720097637222565e+00,5.010166825621681364e-01,1.412532888565915272e-03,9.571523312854122167e+00,6.722704534187086134e-01,1.995691855781744906e-03,1.116134222165443646e+01,8.524759375407454653e-01,2.625175172068709532e-03,1.275056481609925108e+01,1.037867249415997284e+00,3.277418457883169572e-03,1.433952929354177286e+01,1.225463976046352599e+00,3.938020691168928923e-03,1.592840156467280899e+01,1.413840009714978363e+00
0.000000000000000000e+00,0.000000000000000000e+00,0.000000000000000000e+00,1.109523061165878015e-05,1.599723100896453643e+00,2.630905191365457557e-02,5.173812829641546832e-05,3.198039595036010319e+00,9.840404023397789079e-02,2.172781364978970534e-04,4.794353887192004393e+00,2.066119327008002771e-01,4.941408064652378068e-04,6.388538474276099777e+00,3.426529941099639709e-01,8.995324080065711077e-04,7.980878198492855624e+00,4.989727902525485925e-01,1.401814942081650462e-03,9.571758953421998228e+00,6.695051481683291783e-01,1.980413032676855457e-03,1.116166452642781159e+01,8.489443990508404037e-01,2.604917188856116506e-03,1.275097944713022535e+01,1.033542544122227902e+00,3.251964892709938940e-03,1.434003878830161050e+01,1.220333961714772153e+00,3.907290519484158710e-03,1.592900685833751417e+01,1.407900174586826703e+00
0.000000000000000000e+00,0.000000000000000000e+00,0.000000000000000000e+00,1.099684768863811109e-05,1.599725190866329250e+00,2.620946643958150732e-02,5.133333352263653565e-05,3.198054617351365980e+00,9.802698078114804869e-02,2.156206476852449538e-04,4.794397794350325981e+00,2.058105420765667659e-01,4.903164554526580907e-04,6.388628725230139693e+00,3.413094437037113016e-01,8.924249557695052666e-04,7.981030462422454619e+00,4.969967083879836545e-01,1.390534872371950630e-03,9.571985986885781728e+00,6.668305005340697811e-01,1.964229436317404143e-03,1.116197515837387044e+01,8.455274818373968992e-01,2.583374828274674368e-03,1.275137916880694178e+01,1.029356989086931629e+00,3.224833239765245718e-03,1.434053006072237935e+01,1.215367881694778385e+00,3.874488168387390120e-03,1.592959056856641809e+01,1.402149315982580191e+00
0.000000000000000000e+00,0.000000000000000000e+00,0.000000000000000000e+00,1.095340839935557141e-05,1.599727246749858445e+00,2.611299752111026842e-02,5.108811353695628119e-05,3.198069189319781458e+00,9.766175967431654781e-02,2.142868500686895944e-04,4.794440276088733022e+00,2.050342441617454825e-01,4.870352307278739555e-04,6.388715960437284735e+00,3.400078902051791863e-01,8.861418069697217428e-04,7.981177549587394005e+00,4.950824833054631724e-01,1.380406655101894210e-03,9.572205219673801224e+00,6.642396762556995737e-01,1.949559799991041741e-03,1.116227504347358490e+01,8.422177369518247803e-01,2.563729749065501735e-03,1.275176496986424546e+01,1.025303001731176389e+00,3.199990101658443595e-03,1.434100412730517604e+01,1.210558284508797655e+00,3.844361681828566395e-03,1.593015376389969262e+01,1.396579875823191763e+00
0.000000000000000000e+00,0.000000000000000000e+00,0.000000000000000000e+00,1.090520522481173338e-05,1.599729185309963997e+00,2.601923190974372163e-02,5.091812007616723987e-05,3.198083188285887335e+00,9.730696993628917824e-02,2.132627981526760642e-04,4.794481210206165578e+00,2.042805144340640311e-01,4.844619550914268402e-04,6.388800101866178416e+00,3.387445738158368358e-01,8.811173544228371622e-04,7.981319468406484319e+00,4.932250055321665272e-01,1.372212576090094723e-03,9.572416730415614694e+00,6.617266381741337966e-01,1.937587428620208283e-03,1.116256429070076273e+01,8.390087471574464439e-01,2.547595157992535008e-03,1.275213700757089264e+01,1.021373771808771647e+00,3.179493553037848405e-03,1.434146121005645647e+01,1.205897953640826969e+00,3.819428630120433408e-03,1.593069670258329928e+01,1.391184583124016605e+00
0.000000000000000000e+00,0.000000000000000000e+00,0.000000000000000000e+00,1.091805764081665601e-05,1.599731094477349735e+00,2.592803425691476288e-02,5.097716510242366580e-05,3.198096816990091629e+00,9.696184596959137036e-02,2.127858143193529729e-04,4.794520961319357788e+00,2.035474506514402815e-01,4.829091730704187894e-04,6.388881675529015425e+00,3.375166798506653576e-01,8.777367065973552254e-04,7.981456877200759692e+00,4.914209428841020966e-01,1.366407577638295307e-03,9.572621335529591491e+00,6.592872907312689046e-01,1.928846666060217300e-03,1.116284389811040079e+01,8.358954176719242124e-01,2.535603360640073349e-03,1.275249641901748099e+01,1.017563528339088919e+00,3.164084974967508370e-03,1.434190255434218386e+01,1.201380623728611319e+00,3.800539038807806708e-03,1.593122075995258591e+01,1.385956404866658831e+00
0.000000000000000000e+00,0.000000000000000000e+00,0.000000000000000000e+00,1.096625814457587159e-05,1.599732958625478485e+00,2.583909111633668487e-02,5.119833526231777214e-05,3.198110058907718045e+00,9.662570754030365416e-02,2.127215168659031032e-04,4.794559512572315718e+00,2.028342220752079317e-01,4.821469042930823386e-04,6.388960716535238227e+00,3.363227336414785773e-01,8.756539614478879921e-04,7.981589919044333570e+00,4.896677571078690283e-01,1.362519706399610434e-03,9.572819274796772859e+00,6.569183031319705268e-01,1.922721749807575252e-03,1.116311419882829981e+01,8.328737567920903029e-01,2.526970275532507745e-03,1.275284367866066937e+01,1.013867264366234311e+00,3.152796375645984615e-03,1.434232879594017973e+01,1.197000146916597840e+00,3.786534695918152785e-03,1.593172670604515417e+01,1.380888307569093865e+00
0.000000000000000000e+00,0.000000000000000000e+00,0.000000000000000000e+00,1.102797968332820855e-05,1.599734722910493456e+00,2.575252622075787853e-02,5.147766931069149395e-05,3.198122817859036182e+00,9.629850876774283253e-02,2.128069714122173299e-04,4.794596768381922836e+00,2.021401250806288130e-01,4.816547770150920592e-04,6.389037135546077550e+00,3.351615406295309074e-01,8.739688873072769476e-04,7.981718530730164574e+00,4.879637299217900459e-01,1.359143349185264627e-03,9.573010582309795069e+00,6.546168986175627813e-01,1.917211717215543728e-03,1.116337536268290087e+01,8.299397261825978145e-01,2.519048210811675702e-03,1.275317909200971300e+01,1.010279804508275037e+00,3.142312160908740729e-03,1.434274040333464306e+01,1.192750068051651180e+00,3.773427146196725503e-03,1.593221522047881145e+01,1.375972232994339794e+00
0.000000000000000000e+00,0.000000000000000000e+00,0.000000000000000000e+00,1.107337991903216972e-05,1.599736485598230562e+00,2.566818198505180573e-02,5.162564705161302878e-05,3.198135293291440640e+00,9.597997384021471345e-02,2.125234781688403231e-04,4.794633029231929910e+00,2.014648135853477073e-01,4.804359931947423004e-04,6.389111375889603650e+00,3.340321776864324521e-01,8.711226328762746059e-04,7.981843325266940070e+00,4.863071048602114477e-01,1.354123679557691631e-03,9.573196043512023579e+00,6.523804699666200246e-01,1.909551275814074488e-03,1.116362838897617138e+01,8.270894520306633080e-01,2.508455615257862599e-03,1.275350390373443865e+01,1.006795666384220356e+00,3.128634547376642205e-03,1.434313884173181819e+01,1.188623418001960585e+00,3.756602878508061814e-03,1.593268794801680954e+01,1.371199955364660106e+00
0.000000000000000000e+00,0.000000000000000000e+00,0.000000000000000000e+00,1.099548712173213058e-05,1.599738171586216895e+00,2.558610938191947445e-02,5.134058938003488866e-05,3.198147345867218494e+00,9.567002613066846739e-02,2.113375637819623308e-04,4.794668116865727470e+00,2.008078552039106734e-01,4.777051855575879932e-04,6.389183238360897299e+00,3.329338354442767378e-01,8.660511891488240511e-04,7.981964141682621694e+00,4.846962524940012784e-01,1.346091484081755581e-03,9.573375597472583820e+00,6.502061602717233990e-01,1.898052271625037682e-03,1.116387332591303938e+01,8.243189385023144133e-01,2.493178999417277209e-03,1.275381829955999535e+01,1.003409602620527030e+00,3.109423310133973238e-03,1.434352448960816773e+01,1.184613327585452680e+00,3.733399876954163026e-03,1.593314549118263734e+01,1.366562822288379220e+00
0.000000000000000000e+00,0.000000000000000000e+00,0.000000000000000000e+00,1.084851971717175100e-05,1.599739788437744892e+00,2.550630952744821836e-02,5.078757116062082702e-05,3.198158993411786000e+00,9.536865008317049752e-02,2.095778773492239136e-04,4.794702079038702713e+00,2.001689697008622038e-01,4.740103191428180450e-04,6.389252837850629696e+00,3.318656054053617521e-01,8.595717289373892367e-04,7.982081168490082312e+00,4.831296660763574335e-01,1.336166937013614012e-03,9.573549534110410875e+00,6.480916663078940543e-01,1.884148957191452822e-03,1.116411063419141136e+01,8.216245013550272924e-01,2.474971456553332321e-03,1.275412292439471784e+01,1.000116474741491013e+00,3.086751591065901509e-03,1.434389816227888659e+01,1.180713350351553670e+00,3.706209119567273422e-03,1.593358885112581014e+01,1.362052948977070299e+00
0.000000000000000000e+00,0.000000000000000000e+00,0.000000000000000000e+00,1.075246097529754697e-05,1.599741401928133744e+00,2.542874072891512446e-02,5.038830089300569436e-05,3.198170373674065203e+00,9.507567172029394997e-02,2.081085368506035299e-04,4.794735129990521649e+00,1.995478468840751751e-01,4.707511743541781691e-04,6.389320480038204408e+00,3.308268945827537166e-01,8.536879717334476146e-04,7.982194860420258387e+00,4.816058871995917978e-01,1.327016752166921502e-03,9.573718479532974612e+00,6.460344832016070571e-01,1.871221405672896269e-03,1.116434109351045834e+01,8.190027468864186089e-01,2.457954549981003489e-03,1.275441874389189501e+01,9.969116609514377947e-01,3.065490644817519834e-03,1.434426102156389682e+01,1.176917463326429880e+00,3.680648919524742279e-03,1.593401933610391730e+01,1.357663254278660192e+00
0.000000000000000000e+00,0.000000000000000000e+00,0.000000000000000000e+00,1.072287370114205385e-05,1.599742919302267419e+00,2.535345332300802459e-02,5.026316847442483015e-05,3.198181307711014387e+00,9.479110108805487156e-02,2.073003624559520495e-04,4.794767034705663455e+00,1.989441066882642883e-01,4.687025242192260650e-04,6.389385906047160724e+00,3.298167212401936776e-01,8.496783910859228477e-04,7.982304940906045587e+00,4.801234475237119992e-01,1.320467612381307420e-03,9.573882186829987262e+00,6.440323541214334480e-01,1.861650345855611578e-03,1.116456454615826033e+01,8.164502400172561902e-01,2.445062908177241760e-03,1.275470567686330625e+01,9.937908250001192823e-01,3.049126588708256282e-03,1.434461308528274515e+01,1.173220387052901215e+00,3.660755637497699506e-03,1.593443714886305251e+01,1.353386908407604894e+00
0.000000000000000000e+00,0.000000000000000000e+00,0.000000000000000000e+00,1.075445636221294493e-05,1.599744401855054177e+00,2.528032892588654920e-02,5.038572229858227292e-05,3.198191925729003682e+00,9.451462492271532623e-02,2.070818611300437827e-04,4.794797994028529686e+00,1.983573038093811580e-01,4.677406301382997932e-04,6.389449403153196982e+00,3.288343521545112891e-01,8.474086576687763330e-04,7.982411823313090515e+00,4.786809303903095669e-01,1.316448131269456687e-03,9.574041188934341307e+00,6.420832635827480317e-01,1.855498199891411062e-03,1.116478163331241724e+01,8.139644484094821220e-01,2.436536573760523464e-03,1.275498452509662251e+01,9.907503902685962371e-01,3.038097800184801252e-03,1.434495530165263943e+01,1.169617542346294670e+00,3.647172960524696413e-03,1.593484329180032688e+01,1.349219049848813468e+00
0.000000000000000000e+00,0.000000000000000000e+00,0.000000000000000000e+00,1.081125363410327818e-05,1.599745865955000568e+00,2.520932569351217942e-02,5.061934842650724157e-05,3.198202270241509826e+00,9.424598931597966134e-02,2.071563808991310092e-04,4.794828092773064654e+00,1.977867997343097928e-01,4.673463557303119548e-04,6.389511101242749014e+00,3.278788122030159013e-01,8.460587132082951663e-04,7.982515670206498548e+00,4.772771969074528498e-01,1.313756675798230002e-03,9.574195714389576395e+00,6.401855942655620968e-01,1.851125427624141081e-03,1.116499267547738761e+01,8.115430478980982798e-01,2.430274364366278098e-03,1.275525565748246315e+01,9.877877297113315525e-01,3.029833814510305996e-03,1.434528810518996167e+01,1.166105852270859611e+00,3.636860942996303012e-03,1.593523835075879802e+01,1.345155393122648979e+00
0.000000000000000000e+00,0.000000000000000000e+00,0.000000000000000000e+00,1.082790179595171517e-05,1.599747233821700476e+00,2.514030563148978922e-02,5.073049969597991056e-05,3.198212198712039100e+00,9.398479498954666334e-02,2.070205206446125532e-04,4.794857138881566172e+00,1.972319010380910453e-01,4.666673792707143721e-04,6.389570782240841851e+00,3.269490080148833022e-01,8.443805115744715218e-04,7.982616264453951338e+00,4.759106362141657942e-01,1.310722445583190196e-03,9.574345533312602186e+00,6.383375069570235150e-01,1.846412271422831443e-03,1.116519742454032205e+01,8.091841453231438663e-01,2.423678220119239533e-03,1.275551886417535385e+01,9.849004933731470013e-01,3.021244581495428818e-03,1.434561132864930499e+01,1.162682569553732392e+00,3.626236292673056059e-03,1.593562214495374008e+01,1.341193390988936640e+00
0.000000000000000000e+00,0.000000000000000000e+00,0.000000000000000000e+00,1.082704365938714396e-05,1.599748604811490615e+00,2.507310079148405979e-02,5.074038516094336003e-05,3.198221924498946489e+00,9.373045666518725616e-02,2.066124354011321742e-04,4.794885469997769434e+00,1.966915312191446497e-01,4.654447136754542619e-04,6.389628907432596705e+00,3.260434174325652079e-01,8.418037837335862932e-04,7.982714173652951217e+00,4.745794421828666843e-01,1.306369720924022235e-03,9.574491319696184277e+00,6.365368434337883574e-01,1.839924187733114804e-03,1.116539665316877361e+01,8.068852132403114830e-01,2.414833132705903468e-03,1.275577496395976951e+01,9.820861559354711057e-01,3.009925113125593629e-03,1.434592581957283386e+01,1.159345213746910686e+00,3.612394428936121539e-03,1.593599557944058986e+01,1.337330230307468781e+00
0.000000000000000000e+00,0.000000000000000000e+00,0.000000000000000000e+00,1.080019871787539146e-05,1.599749932004759012e+00,2.500756854827854495e-02,5.059773496096853966e-05,3.198231372270578188e+00,9.348240669356634724e-02,2.058042912335140810e-04,4.794913009764905532e+00,1.961644817700669008e-01,4.634438814802634165e-04,6.389685415190611728e+00,3.251602102047069787e-01,8.379519220136704642e-04,7.982809362242567985e+00,4.732812056539830170e-01,1.300141181875753491e-03,9.574633059620492048e+00,6.347807839967046784e-01,1.830883907303135780e-03,1.116559035002254596e+01,8.046432945589754304e-01,2.402710460530221338e-03,1.275602395058027660e+01,9.793416759955930750e-01,2.994583361129283909e-03,1.434623157621403955e+01,1.156090727314673661e+00,3.593785335723553073e-03,1.593635864368074273e+01,1.333563021518165748e+00
0.000000000000000000e+00,0.000000000000000000e+00,0.000000000000000000e+00,1.068330353177546465e-05,1.599751191849744458e+00,2.494349750238237032e-02,5.015677567658199894e-05,3.198240511835077626e+00,9.324001683804908347e-02,2.043965467875789995e-04,4.794939736888938597e+00,1.956496554582299596e-01,4.604750169365649554e-04,6.389740320529970319e+00,3.242976287701682114e-01,8.327357393036372187e-04,7.982901888009964253e+00,4.720135641100551838e-01,1.292146695304613674e-03,9.574770835705759708e+00,6.330666352626741489e-01,1.819683088351059649e-03,1.116577861753775380e+01,8.024554742506654348e-01,2.388039873117960964e-03,1.275626594802817060e+01,9.766639475984710828e-01,2.976311679939017997e-03,1.434652873335184431e+01,1.152915957489335952e+00,3.571864557548106757e-03,1.593671146999903954e+01,1.329888723574938370e+00
0.000000000000000000e+00,0.000000000000000000e+00,0.000000000000000000e+00,1.058053954663322558e-05,1.599752472931244673e+00,2.488082286235006324e-02,4.974562287155499872e-05,3.198249531322339134e+00,9.300290631231790395e-02,2.030429448676739686e-04,4.794965955546915737e+00,1.951461472423073606e-01,4.575902018178699938e-04,6.389794032295588622e+00,3.234544383717866123e-01,8.276362998417635891e-04,7.982992256654524610e+00,4.707750240828278421e-01,1.284299324845051497e-03,9.574905268904409184e+00,6.313924075910726241e-01,1.808660674409033088e-03,1.116596217862507778e+01,8.003193235857744003e-01,2.373582558608351798e-03,1.275650173643959562e+01,9.740504252304172939e-01,2.958291375308760678e-03,1.434681812099360698e+01,1.149818197664452590e+00,3.550238142188898074e-03,1.593705496326787951e+01,1.326304131428216460e+00
0.000000000000000000e+00,0.000000000000000000e+00,0.000000000000000000e+00,1.052632919367170034e-05,1.599753686423853738e+00,2.481947552146414673e-02,4.953785994904960898e-05,3.198258259310926110e+00,9.277093112439867284e-02,2.021749444995621988e-04,4.794991419197542015e+00,1.946537601766661907e-01,4.555953993603716404e-04,6.389846264636567241e+00,3.226300696568362159e-01,8.239447961537337169e-04,7.983080171920033941e+00,4.695644854007799407e-01,1.278471774442420774e-03,9.575036039072248428e+00,6.297567665311269991e-01,1.800336901199919631e-03,1.116614070181760709e+01,7.982332905261892986e-01,2.362542192470574662e-03,1.275673102973662765e+01,9.714989439196528576e-01,2.944424630572175811e-03,1.434709950302370096e+01,1.146794755813255851e+00,3.533506059887957500e-03,1.593738889254751001e+01,1.322806547024051316e+00
0.000000000000000000e+00,0.000000000000000000e+00,0.000000000000000000e+00,1.053986895061668223e-05,1.599754868473715952e+00,2.475949226152421301e-02,4.961613659161571787e-05,3.198266767521037224e+00,9.254413552291863854e-02,2.019925180057570088e-04,4.795016243429578218e+00,1.941723928940405075e-01,4.548594803381380831e-04,6.389897170416778849e+00,3.218243641852540082e-01,8.222270357322607106e-04,7.983165821173466625e+00,4.683817524430493040e-01,1.275434361138745414e-03,9.575163408706186985e+00,6.281590508142107510e-01,1.795685117565808207e-03,1.116631454397241896e+01,7.961960538706105428e-01,2.356092013627722817e-03,1.275695424298599079e+01,9.690078413935312440e-01,2.936076399513410772e-03,1.434737336592033863e+01,1.143843477235439554e+00,3.523217589867459060e-03,1.593771388336268480e+01,1.319392682687343443e+00
0.000000000000000000e+00,0.000000000000000000e+00,0.000000000000000000e+00,1.063069085177439953e-05,1.599756058338849041e+00,2.470089489794314100e-02,4.995049561088611305e-05,3.198275134941396924e+00,9.232256816040919356e-02,2.023423179652301767e-04,4.795040540535590701e+00,1.937022301420377735e-01,4.550058523350159595e-04,6.389946903294312364e+00,3.210375219825418736e-01,8.217991269813156637e-04,7.983249427405795018e+00,4.672267225700133531e-01,1.274135221552335747e-03,9.575287667661115165e+00,6.265988823428506604e-01,1.793247724944206428e-03,1.116648406453635189e+01,7.942069126426438697e-01,2.352349087265873020e-03,1.275717185294504397e+01,9.665756100016039687e-01,2.930938778699957500e-03,1.434764029774065897e+01,1.140962046863434498e+00,3.516649929894965446e-03,1.593803056249962502e+01,1.316059999150911652e+00
0.000000000000000000e+00,0.000000000000000000e+00,0.000000000000000000e+00,1.065897698081618725e-05,1.599757168320856460e+00,2.464370912305694286e-02,5.009913046626274165e-05,3.198283182402772873e+00,9.210639836933895430e-02,2.023589026335740075e-04,4.795064051872770960e+00,1.932434283629475835e-01,4.546736839252361623e-04,6.389995145005015864e+00,3.202695194541502755e-01,8.207721089721740524e-04,7.983330612353678468e+00,4.660993111034409941e-01,1.272146950178138902e-03,9.575408406881454226e+00,6.250759319956776805e-01,1.790059480190506376e-03,1.116664887147963192e+01,7.922649640286438810e-01,2.347813085725838998e-03,1.275738348600249239e+01,9.642009050249873425e-01,2.924972878333120287e-03,1.434789996692373748e+01,1.138148604865854008e+00,3.509217444521245139e-03,1.593833871502283195e+01,1.312805596344317483e+00
0.000000000000000000e+00,0.000000000000000000e+00,0.000000000000000000e+00,1.063126511776884223e-05,1.599758275148029485e+00,2.458794719275113685e-02,5.001588699553829233e-05,3.198291070130948377e+00,9.189549290136705961e-02,2.018509617583808349e-04,4.795087016273264169e+00,1.927958090653396905e-01,4.534131202449329925e-04,6.390042198339621393e+00,3.195203005532955554e-01,8.183227679185611130e-04,7.983409768439492460e+00,4.649992466179797557e-01,1.268170126991062085e-03,9.575526121100130794e+00,6.235895393902611827e-01,1.784267174428591334e-03,1.116680953649530927e+01,7.903693344855382552e-01,2.340027829747233327e-03,1.275758980126615150e+01,9.618824441731103070e-01,2.915103751065854960e-03,1.434815312607707938e+01,1.135401290687944043e+00,3.497232287303862850e-03,1.593863914252201752e+01,1.309627309127016970e+00
